,sample,id,pointing,MPT_number,z_UNICORN,z_manual,notes
0,CAPERS_UDS_V0.4,s000066008,P4,66008,0.61,4.55,-
1,CAPERS_UDS_V0.4,s000035748,P4,35748,4.12,3.97,-
2,CAPERS_UDS_V0.4,s000062217,P4,62217,1.06,NaN,-
3,CAPERS_UDS_V0.4,s000044027,P4,44027,4.57,4.610677,-
4,CAPERS_UDS_V0.4,s000036211,P4,36211,1.12,1.170363,-
5,CAPERS_UDS_V0.4,s000042218,P4,42218,5.17,5.198051,-
6,CAPERS_UDS_V0.4,s000043642,P4,43642,0.37,2.124236,-
7,CAPERS_UDS_V0.4,s000038782,P4,38782,0.79,3.86,-
8,CAPERS_UDS_V0.4,s000063421,P4,63421,0.13,NaN,-
9,CAPERS_UDS_V0.4,s000044397,P4,44397,1.63,NaN,-
10,CAPERS_UDS_V0.4,s000041436,P4,41436,2.62,2.527319,-
11,CAPERS_UDS_V0.4,s000036321,P4,36321,1.63,NaN,-
12,CAPERS_UDS_V0.4,s000057154,P4,57154,0.7,NaN,-
13,CAPERS_UDS_V0.4,s000040070,P4,40070,4.12,4.38,-
14,CAPERS_UDS_V0.4,s000045591,P4,45591,2.44,1.87647,-
15,CAPERS_UDS_V0.4,s000040677,P4,40677,1.57,1.643759,-
16,CAPERS_UDS_V0.4,s000044392,P4,44392,1.99,2.24,-
17,CAPERS_UDS_V0.4,s000060277,P4,60277,2.98,NaN,-
18,CAPERS_UDS_V0.4,s000038926,P4,38926,0.76,4.529103,-
19,CAPERS_UDS_V0.4,s000046820,P4,46820,2.17,2.31,-
20,CAPERS_UDS_V0.4,s000060771,P4,60771,0.61,NaN,-
21,CAPERS_UDS_V0.4,s000041008,P4,41008,5.56,5.206382,-
22,CAPERS_UDS_V0.4,s000044629,P4,44629,0.73,0.777023,-
23,CAPERS_UDS_V0.4,s000067165,P4,67165,6.25,6.34,-
24,CAPERS_UDS_V0.4,s000080951,P4,80951,2.68,2.534416,-
25,CAPERS_UDS_V0.4,s000060251,P4,60251,3.4,3.088127,-
26,CAPERS_UDS_V0.4,s000062169,P4,62169,0.37,NaN,-
27,CAPERS_UDS_V0.4,s000035204,P4,35204,2.29,2.35,-
28,CAPERS_UDS_V0.4,s000034953,P4,34953,0.67,0.643987,-
29,CAPERS_UDS_V0.4,s000038542,P4,38542,0.88,0.889091,-
30,CAPERS_UDS_V0.4,s000078907,P4,78907,3.4,NaN,-
31,CAPERS_UDS_V0.4,s000042998,P4,42998,1.87,1.909957,-
32,CAPERS_UDS_V0.4,s000036844,P4,36844,1.78,2.19602,-
33,CAPERS_UDS_V0.4,s000042655,P4,42655,0.49,0.628278,-
34,CAPERS_UDS_V0.4,s000076808,P4,76808,2.56,3.82,-
35,CAPERS_UDS_V0.4,s000079729,P4,79729,2.41,NaN,-
36,CAPERS_UDS_V0.4,s000035051,P4,35051,1.54,1.439662,-
37,CAPERS_UDS_V0.4,s000155692,P4,155692,2.44,NaN,-
38,CAPERS_UDS_V0.4,s000079177,P4,79177,0.07,2.539529,-
39,CAPERS_UDS_V0.4,s000035050,P4,35050,1.66,NaN,-
40,CAPERS_UDS_V0.4,s000045722,P4,45722,2.29,2.29,-
41,CAPERS_UDS_V0.4,s000043245,P4,43245,1.27,1.187288,-
42,CAPERS_UDS_V0.4,s000033970,P4,33970,1.06,1.06,-
43,CAPERS_UDS_V0.4,s000083800,P4,83800,1.21,1.215222,-
44,CAPERS_UDS_V0.4,s000081025,P4,81025,14.2,3.112512,-
45,CAPERS_UDS_V0.4,s000070416,P4,70416,4.36,NaN,-
46,CAPERS_UDS_V0.4,s000035444,P4,35444,1.87,NaN,-
47,CAPERS_UDS_V0.4,s000043945,P4,43945,0.85,0.833864,-
48,CAPERS_UDS_V0.4,s000040686,P4,40686,1.69,NaN,-
49,CAPERS_UDS_V0.4,s000071030,P4,71030,5.83,0.634264,maybe inverted continuum?
50,CAPERS_UDS_V0.4,s000043046,P4,43046,1.84,NaN,-
51,CAPERS_UDS_V0.4,s000061028,P4,61028,3.46,NaN,-
52,CAPERS_UDS_V0.4,s000032179,P4,32179,1.3,1.3,-
53,CAPERS_UDS_V0.4,s000057138,P4,57138,2.53,NaN,-
54,CAPERS_UDS_V0.4,s000042842,P4,42842,0.97,0.986682,-
55,CAPERS_UDS_V0.4,s000033629,P4,33629,1.0,0.986297,-
56,CAPERS_UDS_V0.4,s000066213,P4,66213,3.79,2.53454,-
57,CAPERS_UDS_V0.4,s000042584,P4,42584,1.96,1.93,-
58,CAPERS_UDS_V0.4,s000037812,P4,37812,1.72,1.64439,maybe foreground object
59,CAPERS_UDS_V0.4,s000044888,P4,44888,1.66,1.62,-
60,CAPERS_UDS_V0.4,s000066013,P4,66013,2.32,2.547419,-
61,CAPERS_UDS_V0.4,s000043667,P4,43667,1.36,1.12,-
62,CAPERS_UDS_V0.4,s000036443,P4,36443,2.08,2.24,-
63,CAPERS_UDS_V0.4,s000074049,P4,74049,0.82,NaN,-
64,CAPERS_UDS_V0.4,s000038618,P4,38618,2.35,2.35,-
65,CAPERS_UDS_V0.4,s000036371,P4,36371,4.27,5.028473,-
66,CAPERS_UDS_V0.4,s000033566,P4,33566,1.06,1.061106,-
67,CAPERS_UDS_V0.4,s000044870,P4,44870,2.08,2.31,-
68,CAPERS_UDS_V0.4,s000033142,P4,33142,1.15,NaN,-
69,CAPERS_UDS_V0.4,s000060476,P4,60476,10.0,9.309686,-
70,CAPERS_UDS_V0.4,s000034759,P4,34759,2.47,NaN,-
71,CAPERS_UDS_V0.4,s000035225,P4,35225,2.62,2.617117,-
72,CAPERS_UDS_V0.4,s000063143,P4,63143,0.19,NaN,-
73,CAPERS_UDS_V0.4,s000041326,P4,41326,0.4,4.542973,miss-placed trace (lines in absorption)
74,CAPERS_UDS_V0.4,s000056641,P4,56641,2.26,NaN,-
75,CAPERS_UDS_V0.4,s000035028,P4,35028,2.47,2.775143,-
76,CAPERS_UDS_V0.4,s000034909,P4,34909,1.18,NaN,-
77,CAPERS_UDS_V0.4,s000080997,P4,80997,3.46,3.546481,-
78,CAPERS_UDS_V0.4,s000071534,P4,71534,2.35,NaN,-
79,CAPERS_UDS_V0.4,s000038575,P4,38575,2.65,2.65,-
80,CAPERS_UDS_V0.4,s000038831,P4,38831,2.29,2.247653,-
81,CAPERS_UDS_V0.4,s000045950,P4,45950,4.12,4.39,-
82,CAPERS_UDS_V0.4,s000038273,P4,38273,1.66,NaN,-
83,CAPERS_UDS_V0.4,s000076619,P4,76619,4.66,4.24,-
84,CAPERS_UDS_V0.4,s000077730,P4,77730,2.62,NaN,-
85,CAPERS_UDS_V0.4,s000044080,P4,44080,0.88,0.836708,-
86,CAPERS_UDS_V0.4,s000045563,P4,45563,2.23,2.3,-
87,CAPERS_UDS_V0.4,s000069085,P4,69085,3.85,0.972467,-
88,CAPERS_UDS_V0.4,s000043047,P4,43047,1.63,NaN,-
89,CAPERS_UDS_V0.4,s000042423,P4,42423,0.64,0.56958,-
90,CAPERS_UDS_V0.4,s000033393,P4,33393,2.56,2.632094,-
91,CAPERS_UDS_V0.4,s000060304,P4,60304,4.9,NaN,-
92,CAPERS_UDS_V0.4,s000037602,P4,37602,2.68,NaN,-
93,CAPERS_UDS_V0.4,s000043396,P4,43396,1.84,1.72,-
94,CAPERS_UDS_V0.4,s000033528,P4,33528,0.94,4.61,-
95,CAPERS_UDS_V0.4,s000037333,P4,37333,1.54,NaN,-
96,CAPERS_UDS_V0.4,s000038402,P4,38402,2.56,2.46,-
97,CAPERS_UDS_V0.4,s000072073,P4,72073,5.56,NaN,-
98,CAPERS_UDS_V0.4,s000070837,P4,70837,11.41,NaN,-
99,CAPERS_UDS_V0.4,s000041641,P4,41641,2.44,NaN,-
100,CAPERS_UDS_V0.4,s000078364,P4,78364,1.9,2.32,-
101,CAPERS_UDS_V0.4,s000036298,P4,36298,2.14,NaN,-
102,CAPERS_UDS_V0.4,s000057767,P4,57767,6.52,NaN,-
103,CAPERS_UDS_V0.4,s000046238,P4,46238,2.71,2.723777,-
104,CAPERS_UDS_V0.4,s000062946,P4,62946,2.05,NaN,-
105,CAPERS_UDS_V0.4,s000043105,P4,43105,0.46,NaN,-
106,CAPERS_UDS_V0.4,s000036625,P4,36625,1.12,1.172074,-
107,CAPERS_UDS_V0.4,s000057774,P4,57774,3.43,NaN,-
108,CAPERS_UDS_V0.4,s000038414,P4,38414,0.61,0.648669,-
109,CAPERS_UDS_V0.4,s000066466,P4,66466,2.56,NaN,-
110,CAPERS_UDS_V0.4,s000038067,P4,38067,0.01,NaN,-
111,CAPERS_UDS_V0.4,s000083479,P4,83479,0.67,NaN,-
112,CAPERS_UDS_V0.4,s000065067,P4,65067,9.1,NaN,-
113,CAPERS_UDS_V0.4,s000065869,P4,65869,6.58,NaN,-
114,CAPERS_UDS_V0.4,s000070196,P4,70196,6.55,1.284201,-
115,CAPERS_UDS_V0.4,s000044802,P4,44802,3.64,3.38,-
116,CAPERS_UDS_V0.4,s000032998,P4,32998,2.62,1.891162,-
117,CAPERS_UDS_V0.4,s000072422,P4,72422,0.67,NaN,-
118,CAPERS_UDS_V0.4,s000034963,P4,34963,0.88,NaN,-
119,CAPERS_UDS_V0.4,s000060735,P4,60735,2.29,2.24,-
120,CAPERS_UDS_V0.4,s000043825,P4,43825,1.75,2.012331,-
121,CAPERS_UDS_V0.4,s000059070,P4,59070,6.13,2.478331,-
122,CAPERS_UDS_V0.4,s000063714,P4,63714,4.24,NaN,-
123,CAPERS_UDS_V0.4,s000042585,P4,42585,1.63,NaN,-
124,CAPERS_UDS_V0.4,s000044657,P4,44657,1.75,1.915213,-
125,CAPERS_UDS_V0.4,s000066396,P4,66396,1.18,4.08,-
126,CAPERS_UDS_V0.4,s000077843,P4,77843,2.26,2.279173,-
127,CAPERS_UDS_V0.4,s000039997,P4,39997,1.75,1.76,-
128,CAPERS_UDS_V0.4,s000062775,P4,62775,2.32,2.14,-
129,CAPERS_UDS_V0.4,s000057954,P4,57954,0.19,NaN,-
130,CAPERS_UDS_V0.4,s000042485,P4,42485,0.85,0.94,-
131,CAPERS_UDS_V0.4,s000033603,P4,33603,2.92,2.62,-
132,CAPERS_UDS_V0.4,s000035140,P4,35140,1.99,2.06,-
133,CAPERS_UDS_V0.4,s000084390,P4,84390,1.06,NaN,-
134,CAPERS_UDS_V0.4,s000078174,P4,78174,0.58,2.268743,miss-placed trace (lines in absorption)
135,CAPERS_UDS_V0.4,s000039194,P4,39194,1.66,NaN,-
136,CAPERS_UDS_V0.4,s000046226,P4,46226,1.72,1.806283,-
137,CAPERS_UDS_V0.4,s000043467,P4,43467,1.69,1.74,-
138,CAPERS_UDS_V0.4,s000066646,P4,66646,0.52,5.210003,miss-placed trace (lines in absorption)
139,CAPERS_UDS_V0.4,s000043096,P4,43096,2.23,2.15,-
140,CAPERS_UDS_V0.4,s000065653,P4,65653,4.66,NaN,-
141,CAPERS_UDS_V0.4,s000043797,P4,43797,2.32,1.993539,-
142,CAPERS_UDS_V0.4,s000045025,P4,45025,3.58,3.71,-
143,CAPERS_UDS_V0.4,s000032978,P4,32978,1.78,1.876748,-
144,CAPERS_UDS_V0.4,s000044209,P4,44209,2.95,2.786677,-
145,CAPERS_UDS_V0.4,s000073438,P4,73438,3.4,NaN,-
146,CAPERS_UDS_V0.4,s000036542,P4,36542,2.77,NaN,-
147,CAPERS_UDS_V0.4,s000078014,P4,78014,0.67,NaN,-
148,CAPERS_UDS_V0.4,s000063336,P4,63336,0.85,0.85,-
149,CAPERS_UDS_V0.4,s000074581,P4,74581,10.36,8.505248,-
150,CAPERS_UDS_V0.4,s000079617,P4,79617,5.71,NaN,-
151,CAPERS_UDS_V0.4,s000073339,P4,73339,0.37,NaN,-
152,CAPERS_UDS_V0.4,s000038494,P4,38494,0.67,0.67,-
153,CAPERS_UDS_V0.4,s000078201,P4,78201,0.67,2.233662,miss-placed trace (lines in absorption)
154,CAPERS_UDS_V0.4,s000044611,P4,44611,0.85,NaN,-
155,CAPERS_UDS_V0.4,s000045010,P4,45010,0.16,3.695679,miss-placed trace (lines in absorption)
156,CAPERS_UDS_V0.4,s000034741,P4,34741,3.97,3.97,-
157,CAPERS_UDS_V0.4,s000042675,P4,42675,2.41,2.60668,-
158,CAPERS_UDS_V0.4,s000065185,P4,65185,2.35,NaN,-
159,CAPERS_UDS_V0.4,s000035016,P4,35016,0.61,0.605311,-
160,CAPERS_UDS_V0.4,s000073307,P4,73307,0.58,NaN,-
161,CAPERS_UDS_V0.4,s000044753,P4,44753,1.54,1.35,-
162,CAPERS_UDS_V0.4,s000070423,P4,70423,2.56,NaN,-
163,CAPERS_UDS_V0.4,s000045711,P4,45711,1.84,1.681579,-
164,CAPERS_UDS_V0.4,s000057502,P4,57502,3.73,4.64,-
165,CAPERS_UDS_V0.4,s000081995,P4,81995,0.61,NaN,-
166,CAPERS_UDS_V0.4,s000042159,P4,42159,2.29,2.3,-
167,CAPERS_UDS_V0.4,s000086043,P4,86043,0.43,NaN,-
168,CAPERS_UDS_V0.4,s000066225,P4,66225,4.12,4.606109,-
169,CAPERS_UDS_V0.4,s000034565,P4,34565,1.66,1.74,-
170,CAPERS_UDS_V0.4,s000037982,P4,37982,1.27,1.296526,-
171,CAPERS_UDS_V0.4,s000045989,P4,45989,1.9,1.52134,-
172,CAPERS_UDS_V0.4,s000077275,P4,77275,1.15,NaN,-
173,CAPERS_UDS_V0.4,s000042353,P4,42353,0.82,0.907837,-
174,CAPERS_UDS_V0.4,s000064073,P4,64073,0.67,NaN,-
175,CAPERS_UDS_V0.4,s000067233,P4,67233,5.05,NaN,-
176,CAPERS_UDS_V0.4,s000067515,P4,67515,0.34,NaN,-
177,CAPERS_UDS_V0.4,s000060555,P4,60555,0.04,NaN,-
178,CAPERS_UDS_V0.4,s000083609,P4,83609,1.33,2.619299,miss-placed trace (lines in absorption)
179,CAPERS_UDS_V0.4,s000058919,P4,58919,3.61,3.623291,-
180,CAPERS_UDS_V0.4,s000041207,P4,41207,1.54,1.436357,-
181,CAPERS_UDS_V0.4,s000044577,P4,44577,1.51,NaN,-
182,CAPERS_UDS_V0.4,s000036141,P4,36141,0.58,NaN,-
183,CAPERS_UDS_V0.4,s000038879,P4,38879,1.06,1.06,-
184,CAPERS_UDS_V0.4,s000060886,P4,60886,3.4,3.40979,-
185,CAPERS_UDS_V0.4,s000036969,P4,36969,3.01,2.860267,-
186,CAPERS_UDS_V0.4,s000059571,P4,59571,0.79,NaN,-
187,CAPERS_UDS_V0.4,s000076849,P4,76849,0.85,NaN,-
188,CAPERS_UDS_V0.4,s000039135,P4,39135,1.06,NaN,-
189,CAPERS_UDS_V0.4,s000070805,P4,70805,6.58,5.879849,-
190,CAPERS_UDS_V0.4,s000037021,P4,37021,1.15,NaN,-
191,CAPERS_UDS_V0.4,s000057651,P4,57651,4.81,4.408195,-
192,CAPERS_UDS_V0.4,s000037191,P4,37191,1.3,NaN,-
193,CAPERS_UDS_V0.4,s000038909,P4,38909,0.43,0.431854,-
194,CAPERS_UDS_V0.4,s000035916,P4,35916,3.43,NaN,-
195,CAPERS_UDS_V0.4,s000042060,P4,42060,2.26,2.32,-
196,CAPERS_UDS_V0.4,s000045594,P4,45594,2.44,2.48,-
197,CAPERS_UDS_V0.4,s000041817,P4,41817,0.73,0.492176,-
198,CAPERS_UDS_V0.4,s000036923,P4,36923,2.11,NaN,-
199,CAPERS_UDS_V0.4,s000043292,P4,43292,0.97,0.923174,-
200,CAPERS_UDS_V0.4,s000061636,P4,61636,6.1,NaN,-
201,CAPERS_UDS_V0.4,s000036919,P4,36919,0.52,NaN,-
202,CAPERS_UDS_V0.4,s000072084,P4,72084,2.47,2.50846,-
203,CAPERS_UDS_V0.4,s000057098,P4,57098,0.55,NaN,-
204,CAPERS_UDS_V0.4,s000083629,P4,83629,5.17,5.14,-
205,CAPERS_UDS_V0.4,s000085579,P4,85579,4.66,4.8,-
206,CAPERS_UDS_V0.4,s000045077,P4,45077,0.31,NaN,-
207,CAPERS_UDS_V0.4,s000038999,P4,38999,1.72,1.750556,-
208,CAPERS_UDS_V0.4,s000044749,P4,44749,3.43,3.309981,-
209,CAPERS_UDS_V0.4,s000036409,P4,36409,1.12,4.02,-
210,CAPERS_UDS_V0.4,s000044597,P4,44597,2.23,NaN,-
211,CAPERS_UDS_V0.4,s000078332,P4,78332,5.53,5.54,-
212,CAPERS_UDS_V0.4,s000058185,P4,58185,1.6,NaN,-
213,CAPERS_UDS_V0.4,s000079269,P4,79269,7.96,8.422652,-
214,CAPERS_UDS_V0.4,s000037476,P4,37476,0.19,2.249181,-
215,CAPERS_UDS_V0.4,s000060535,P4,60535,2.26,2.223489,-
216,CAPERS_UDS_V0.4,s000082792,P4,82792,0.82,NaN,-
217,CAPERS_UDS_V0.4,s000042739,P4,42739,0.19,2.758808,-
218,CAPERS_UDS_V0.4,s000033879,P4,33879,2.62,2.6,-
219,CAPERS_UDS_V0.4,s000069753,P4,69753,1.66,NaN,-
220,CAPERS_UDS_V0.4,s000034957,P4,34957,2.2,2.266113,-
221,CAPERS_UDS_V0.4,s000082476,P4,82476,6.52,NaN,-
222,CAPERS_UDS_V0.4,s000076125,P4,76125,6.13,6.410451,-
223,CAPERS_UDS_V0.4,s000080575,P4,80575,3.4,NaN,-
224,CAPERS_UDS_V0.4,s000038726,P4,38726,3.55,3.54,-
225,CAPERS_UDS_V0.4,s000041387,P4,41387,2.38,2.52,-
226,CAPERS_UDS_V0.4,s000046041,P4,46041,2.08,2.162059,-
227,CAPERS_UDS_V0.4,s000042999,P4,42999,1.75,2.235944,-
228,CAPERS_UDS_V0.4,s000043109,P4,43109,0.76,0.743301,-
229,CAPERS_UDS_V0.4,s000067327,P4,67327,2.41,2.265452,-
230,CAPERS_UDS_V0.4,s000043891,P4,43891,2.23,NaN,-
231,CAPERS_UDS_V0.4,s000041081,P4,41081,0.79,NaN,-
232,CAPERS_UDS_V0.4,s000069203,P4,69203,3.43,NaN,-
233,CAPERS_UDS_V0.4,s000073937,P4,73937,4.9,3.21401,-
234,CAPERS_UDS_V0.4,s000085660,P4,85660,4.39,3.84,-
235,CAPERS_UDS_V0.4,s000034525,P4,34525,0.01,NaN,-
236,CAPERS_UDS_V0.4,s000059763,P4,59763,3.76,0.932246,-
237,CAPERS_UDS_V0.4,s000041533,P4,41533,2.38,2.49,-
238,CAPERS_UDS_V0.4,s000044742,P4,44742,1.72,1.679919,-
239,CAPERS_UDS_V0.4,s000045121,P4,45121,2.68,2.542641,-
240,CAPERS_UDS_V0.4,s000041121,P4,41121,1.96,1.982962,-
241,CAPERS_UDS_V0.4,s000045271,P4,45271,1.9,2.545084,-
242,CAPERS_UDS_V0.4,s000041375,P4,41375,4.6,4.54,-
243,CAPERS_UDS_V0.4,s000060669,P4,60669,4.63,4.76318,-
244,CAPERS_UDS_V0.4,s000076727,P4,76727,0.31,3.52,-
245,CAPERS_UDS_V0.4,s000042605,P4,42605,1.75,1.76,-
246,CAPERS_UDS_V0.4,s000082591,P4,82591,2.68,NaN,-
247,CAPERS_UDS_V0.4,s000060781,P4,60781,0.61,1.354081,miss-placed trace (lines in absorption)
248,CAPERS_UDS_V0.4,s000043568,P4,43568,1.51,1.417936,-
249,CAPERS_UDS_V0.4,s000087013,P4,87013,1.09,NaN,-
250,CAPERS_UDS_V0.4,s000082245,P4,82245,4.96,NaN,-
251,CAPERS_UDS_V0.4,s000043803,P4,43803,1.66,NaN,-
252,CAPERS_UDS_V0.4,s000066800,P4,66800,3.61,NaN,-
253,CAPERS_UDS_V0.4,s000038664,P4,38664,0.64,NaN,-
254,CAPERS_UDS_V0.4,s000036362,P4,36362,6.31,5.62,-
255,CAPERS_UDS_V0.4,s000067694,P4,67694,3.79,NaN,-
256,CAPERS_UDS_V0.4,s000039046,P4,39046,1.66,NaN,-
257,CAPERS_UDS_V0.4,s000043967,P4,43967,2.2,2.303133,-
258,CAPERS_UDS_V0.4,s000043408,P4,43408,4.12,4.04,-
259,CAPERS_UDS_V0.4,s000061104,P4,61104,3.16,3.345042,-
260,CAPERS_UDS_V0.4,s000072465,P4,72465,0.13,NaN,-
261,CAPERS_UDS_V0.4,s000044418,P4,44418,1.42,1.96,-
262,CAPERS_UDS_V0.4,s000038292,P4,38292,2.77,3.55,-
263,CAPERS_UDS_V0.4,s000045566,P4,45566,2.29,2.3,-
264,CAPERS_UDS_V0.4,s000083442,P4,83442,2.62,2.58,-
265,CAPERS_UDS_V0.4,s000046153,P4,46153,5.32,4.958487,-
266,CAPERS_UDS_V0.4,s000063588,P4,63588,9.07,2.225822,-
267,CAPERS_UDS_V0.4,s000064231,P4,64231,16.81,0.940564,maybe inverted continuum?
268,CAPERS_UDS_V0.4,s000064717,P4,64717,6.55,6.38,-
269,CAPERS_UDS_V0.4,s000038236,P4,38236,0.49,0.303355,-
270,CAPERS_UDS_V0.4,s000038149,P4,38149,0.13,NaN,-
271,CAPERS_UDS_V0.4,s000071407,P4,71407,3.61,5.008718,-
272,CAPERS_UDS_V0.4,s000084493,P4,84493,4.78,4.44238,-
273,CAPERS_UDS_V0.4,s000069542,P4,69542,4.81,6.380509,-
274,CAPERS_UDS_V0.4,s000068938,P4,68938,5.17,5.211143,-
275,CAPERS_UDS_V0.4,s000045119,P4,45119,1.66,NaN,-
276,CAPERS_UDS_V0.4,s000063260,P4,63260,4.69,4.38,-
277,CAPERS_UDS_V0.4,s000063386,P4,63386,5.59,0.950347,-
278,CAPERS_UDS_V0.4,s000065866,P4,65866,1.6,NaN,-
279,CAPERS_UDS_V0.4,s000061866,P4,61866,0.67,4.086763,-
280,CAPERS_UDS_V0.4,s000042432,P4,42432,2.53,NaN,-
281,CAPERS_UDS_V0.4,s000066200,P4,66200,2.68,3.21,-
282,CAPERS_UDS_V0.4,s000079714,P4,79714,5.14,NaN,-
283,CAPERS_UDS_V0.4,s000066726,P4,66726,5.89,1.534653,-
284,CAPERS_UDS_V0.4,s000045886,P4,45886,0.55,0.591073,-
285,CAPERS_UDS_V0.4,s000036521,P4,36521,1.69,2.98,-
286,CAPERS_UDS_V0.4,s000073558,P4,73558,9.79,NaN,-
287,CAPERS_UDS_V0.4,s000062878,P4,62878,0.19,1.736897,-
288,CAPERS_UDS_V0.4,s000068732,P4,68732,1.3,3.92,-
289,CAPERS_UDS_V0.4,s000069272,P4,69272,5.53,5.469407,-
290,CAPERS_UDS_V0.4,s000061356,P4,61356,4.12,NaN,-
291,CAPERS_UDS_V0.4,s000035279,P4,35279,2.68,2.814862,maybe foreground object at z=2.32
292,CAPERS_UDS_V0.4,s000034930,P4,34930,1.72,1.666413,-
293,CAPERS_UDS_V0.4,s000059911,P4,59911,0.55,NaN,-
294,CAPERS_UDS_V0.4,s000046347,P4,46347,3.07,3.27,-
295,CAPERS_UDS_V0.4,s000042932,P4,42932,3.55,3.557184,-
296,CAPERS_UDS_V0.4,s000071237,P4,71237,3.73,2.814342,-
297,CAPERS_UDS_V0.4,s000087191,P4,87191,2.05,2.231792,-
298,CAPERS_UDS_V0.4,s000064494,P4,64494,4.81,4.353719,-
299,CAPERS_UDS_V0.4,s000070629,P4,70629,10.12,10.468007,-
300,CAPERS_UDS_V0.4,s000079182,P4,79182,7.48,6.953623,-
301,CAPERS_UDS_V0.4,s000060550,P4,60550,2.23,1.7225,-
302,CAPERS_UDS_V0.4,s000072170,P4,72170,2.23,NaN,-
303,CAPERS_UDS_V0.4,s000060036,P4,60036,0.67,1.815859,-
304,CAPERS_UDS_V0.4,s000075957,P4,75957,2.26,2.26,-
305,CAPERS_UDS_V0.4,s000040613,P4,40613,3.28,3.1,-
306,CAPERS_UDS_V0.4,s000032890,P4,32890,1.84,1.84,-
307,CAPERS_UDS_V0.4,s000078427,P4,78427,4.51,NaN,-
308,CAPERS_UDS_V0.4,s000036428,P4,36428,0.94,0.924501,-
309,CAPERS_UDS_V0.4,s000037493,P4,37493,1.54,1.440682,-
310,CAPERS_UDS_V0.4,s000044818,P4,44818,1.84,1.898017,-
311,CAPERS_UDS_V0.4,s000042202,P4,42202,2.89,3.110125,-
312,CAPERS_UDS_V0.4,s000034954,P4,34954,2.23,2.12,-
313,CAPERS_UDS_V0.4,s000060462,P4,60462,3.76,NaN,-
314,CAPERS_UDS_V0.4,s000081290,P4,81290,6.73,NaN,-
315,CAPERS_UDS_V0.4,s000075374,P4,75374,6.94,7.047339,-
316,CAPERS_UDS_V0.4,s000084789,P4,84789,14.65,NaN,-
317,CAPERS_UDS_V0.4,s000034636,P4,34636,2.08,2.181498,-
318,CAPERS_UDS_V0.4,s000065024,P4,65024,1.75,2.122846,-
319,CAPERS_UDS_V0.4,s000038502,P4,38502,1.84,1.76,-
320,CAPERS_UDS_V0.4,s000065993,P4,65993,4.63,4.08,-
321,CAPERS_UDS_V0.4,s000038442,P4,38442,2.35,2.254651,-
322,CAPERS_UDS_V0.4,s000065334,P4,65334,8.32,NaN,-
323,CAPERS_UDS_V0.4,s000033743,P4,33743,1.33,NaN,-
324,CAPERS_UDS_V0.4,s000036578,P4,36578,2.2,NaN,-
325,CAPERS_UDS_V0.4,s000045212,P4,45212,1.75,NaN,-
326,CAPERS_UDS_V0.4,s000076074,P4,76074,6.61,2.542048,-
327,CAPERS_UDS_V0.4,s000067290,P4,67290,4.93,NaN,-
328,CAPERS_UDS_V0.4,s000080511,P4,80511,0.13,NaN,-
329,CAPERS_UDS_V0.4,s000042401,P4,42401,2.71,3.2,-
330,CAPERS_UDS_V0.4,s000042565,P4,42565,1.78,1.764685,-
331,CAPERS_UDS_V0.4,s000034124,P4,34124,0.46,0.42,-
332,CAPERS_UDS_V0.4,s000033867,P4,33867,0.34,0.365954,-
333,CAPERS_UDS_V0.4,s000064859,P4,64859,6.37,0.318821,-
334,CAPERS_UDS_V0.4,s000046187,P4,46187,2.32,2.314099,-
335,CAPERS_UDS_V0.4,s000036732,P4,36732,3.7,3.7,-
336,CAPERS_UDS_V0.4,s000044023,P4,44023,2.74,0.97569,-
337,CAPERS_UDS_V0.4,s000034949,P4,34949,0.31,NaN,-
338,CAPERS_UDS_V0.4,s000085654,P4,85654,0.31,3.319496,-
339,CAPERS_UDS_V0.4,s000036910,P4,36910,4.12,3.703223,-
340,CAPERS_UDS_V0.4,s000077899,P4,77899,3.58,NaN,-
341,CAPERS_UDS_V0.4,s000076498,P4,76498,2.23,2.634675,-
342,CAPERS_UDS_V0.4,s000080940,P4,80940,10.69,NaN,-
343,CAPERS_UDS_V0.4,s000042388,P4,42388,0.67,4.0,-
344,CAPERS_UDS_V0.4,s000066209,P4,66209,4.9,4.465422,-
345,CAPERS_UDS_V0.4,s000066950,P4,66950,1.06,NaN,-
346,CAPERS_UDS_V0.4,s000045418,P4,45418,1.72,NaN,-
347,CAPERS_UDS_V0.4,s000061884,P4,61884,3.79,NaN,-
348,CAPERS_UDS_V0.4,s000035747,P4,35747,4.27,3.979929,-
349,CAPERS_UDS_V0.4,s000059746,P4,59746,0.19,NaN,-
350,CAPERS_UDS_V0.4,s000035966,P4,35966,2.29,2.29,-
351,CAPERS_UDS_V0.4,s000058203,P4,58203,6.73,5.49,-
352,CAPERS_UDS_V0.4,s000066206,P4,66206,2.38,2.092336,-
353,CAPERS_UDS_V0.4,s000035963,P4,35963,2.35,2.53,-
354,CAPERS_UDS_V0.4,s000040313,P4,40313,2.35,2.32,-
355,CAPERS_UDS_V0.4,s000071130,P4,71130,0.19,2.878548,-
356,CAPERS_UDS_V0.4,s000046281,P4,46281,1.66,3.28223,miss-placed trace (lines in absorption)
357,CAPERS_UDS_V0.4,s000082219,P4,82219,6.22,NaN,-
358,CAPERS_UDS_V0.4,s000066229,P4,66229,4.18,4.01,-
359,CAPERS_UDS_V0.4,s000066689,P4,66689,5.92,2.402622,-
360,CAPERS_UDS_V0.4,s000062796,P4,62796,1.27,0.792444,-
361,CAPERS_UDS_V0.4,s000055087,P4,55087,0.64,NaN,-
362,CAPERS_UDS_V0.4,s000064525,P4,64525,10.66,NaN,-
363,CAPERS_UDS_V0.4,s000155451,P4,155451,11.41,NaN,-
364,CAPERS_UDS_V0.4,s000079205,P4,79205,3.61,NaN,-
365,CAPERS_UDS_V0.4,s000075415,P4,75415,2.35,2.294082,-
366,CAPERS_UDS_V0.4,s000036741,P4,36741,1.54,1.579415,-
367,CAPERS_UDS_V0.4,s000033654,P4,33654,1.72,1.737272,-
368,CAPERS_UDS_V0.4,s000078483,P4,78483,0.91,NaN,-
369,CAPERS_UDS_V0.4,s000035633,P7,35633,2.65,2.627271,-
370,CAPERS_UDS_V0.4,s000055555,P7,55555,1.06,NaN,-
371,CAPERS_UDS_V0.4,s000073522,P7,73522,1.09,NaN,-
372,CAPERS_UDS_V0.4,s000062949,P7,62949,6.16,NaN,maybe inverted continuum?
373,CAPERS_UDS_V0.4,s000071524,P7,71524,3.85,3.78,-
374,CAPERS_UDS_V0.4,s000040758,P7,40758,1.63,NaN,-
375,CAPERS_UDS_V0.4,s000040757,P7,40757,1.15,1.277253,-
376,CAPERS_UDS_V0.4,s000073951,P7,73951,6.46,NaN,-
377,CAPERS_UDS_V0.4,s000054407,P7,54407,4.81,NaN,-
378,CAPERS_UDS_V0.4,s000041400,P7,41400,1.03,0.988381,-
379,CAPERS_UDS_V0.4,s000045089,P7,45089,0.67,0.68926,-
380,CAPERS_UDS_V0.4,s000039424,P7,39424,0.25,3.74,-
381,CAPERS_UDS_V0.4,s000038258,P7,38258,4.42,0.873394,-
382,CAPERS_UDS_V0.4,s000076451,P7,76451,1.09,NaN,-
383,CAPERS_UDS_V0.4,s000067363,P7,67363,6.64,6.17,-
384,CAPERS_UDS_V0.4,s000056744,P7,56744,3.52,NaN,-
385,CAPERS_UDS_V0.4,s000036611,P7,36611,2.35,2.043534,-
386,CAPERS_UDS_V0.4,s000065785,P7,65785,3.4,2.72,-
387,CAPERS_UDS_V0.4,s000037564,P7,37564,2.29,2.29,-
388,CAPERS_UDS_V0.4,s000046704,P7,46704,1.84,1.432932,-
389,CAPERS_UDS_V0.4,s000037739,P7,37739,3.1,3.197758,-
390,CAPERS_UDS_V0.4,s000055154,P7,55154,0.97,NaN,-
391,CAPERS_UDS_V0.4,s000036701,P7,36701,2.71,1.957254,-
392,CAPERS_UDS_V0.4,s000041806,P7,41806,2.29,2.190744,object in background at z = 3.049
393,CAPERS_UDS_V0.4,s000045930,P7,45930,1.57,1.896433,-
394,CAPERS_UDS_V0.4,s000043152,P7,43152,2.71,2.299142,-
395,CAPERS_UDS_V0.4,s000041729,P7,41729,1.6,1.62,-
396,CAPERS_UDS_V0.4,s000034988,P7,34988,2.65,2.54,-
397,CAPERS_UDS_V0.4,s000063209,P7,63209,2.26,2.180735,-
398,CAPERS_UDS_V0.4,s000035570,P7,35570,0.1,NaN,-
399,CAPERS_UDS_V0.4,s000038601,P7,38601,3.79,3.8,-
400,CAPERS_UDS_V0.4,s000038694,P7,38694,3.79,3.8,-
401,CAPERS_UDS_V0.4,s000047743,P7,47743,2.8,2.92,-
402,CAPERS_UDS_V0.4,s000047858,P7,47858,1.6,1.61,-
403,CAPERS_UDS_V0.4,s000071204,P7,71204,7.78,NaN,-
404,CAPERS_UDS_V0.4,s000070935,P7,70935,4.9,4.680947,-
405,CAPERS_UDS_V0.4,s000036365,P7,36365,2.59,NaN,-
406,CAPERS_UDS_V0.4,s000075480,P7,75480,0.64,4.11,-
407,CAPERS_UDS_V0.4,s000047796,P7,47796,0.85,0.824738,-
408,CAPERS_UDS_V0.4,s000038582,P7,38582,0.43,NaN,-
409,CAPERS_UDS_V0.4,s000041775,P7,41775,0.85,0.891111,-
410,CAPERS_UDS_V0.4,s000038496,P7,38496,0.67,NaN,-
411,CAPERS_UDS_V0.4,s000071985,P7,71985,2.23,NaN,-
412,CAPERS_UDS_V0.4,s000067527,P7,67527,3.49,3.56,-
413,CAPERS_UDS_V0.4,s000046208,P7,46208,2.68,2.384867,-
414,CAPERS_UDS_V0.4,s000071902,P7,71902,3.76,NaN,-
415,CAPERS_UDS_V0.4,s000038658,P7,38658,2.41,NaN,-
416,CAPERS_UDS_V0.4,s000067308,P7,67308,0.19,NaN,-
417,CAPERS_UDS_V0.4,s000044198,P7,44198,6.16,NaN,-
418,CAPERS_UDS_V0.4,s000058861,P7,58861,0.67,0.443423,-
419,CAPERS_UDS_V0.4,s000064946,P7,64946,2.62,NaN,-
420,CAPERS_UDS_V0.4,s000073835,P7,73835,3.4,3.0756,-
421,CAPERS_UDS_V0.4,s000067272,P7,67272,0.55,NaN,-
422,CAPERS_UDS_V0.4,s000070879,P7,70879,4.87,3.783055,-
423,CAPERS_UDS_V0.4,s000044859,P7,44859,2.23,2.38,-
424,CAPERS_UDS_V0.4,s000045186,P7,45186,1.72,NaN,-
425,CAPERS_UDS_V0.4,s000038073,P7,38073,0.01,5.200595,miss-placed trace (lines in absorption)
426,CAPERS_UDS_V0.4,s000081468,P7,81468,2.68,NaN,-
427,CAPERS_UDS_V0.4,s000066860,P7,66860,1.99,2.233271,-
428,CAPERS_UDS_V0.4,s000070899,P7,70899,3.85,3.783434,-
429,CAPERS_UDS_V0.4,s000038759,P7,38759,1.18,1.26296,-
430,CAPERS_UDS_V0.4,s000081858,P7,81858,3.46,NaN,-
431,CAPERS_UDS_V0.4,s000059580,P7,59580,1.9,NaN,-
432,CAPERS_UDS_V0.4,s000038565,P7,38565,2.68,2.677745,-
433,CAPERS_UDS_V0.4,s000056286,P7,56286,4.45,NaN,-
434,CAPERS_UDS_V0.4,s000045719,P7,45719,2.41,2.209779,-
435,CAPERS_UDS_V0.4,s000038186,P7,38186,1.03,NaN,-
436,CAPERS_UDS_V0.4,s000046799,P7,46799,1.06,1.06,-
437,CAPERS_UDS_V0.4,s000041509,P7,41509,3.01,3.203827,miss-placed trace (lines in absorption)
438,CAPERS_UDS_V0.4,s000045694,P7,45694,1.84,1.84,-
439,CAPERS_UDS_V0.4,s000054732,P7,54732,4.87,4.72186,-
440,CAPERS_UDS_V0.4,s000055501,P7,55501,3.46,NaN,-
441,CAPERS_UDS_V0.4,s000059046,P7,59046,5.05,NaN,-
442,CAPERS_UDS_V0.4,s000061238,P7,61238,1.66,1.768834,-
443,CAPERS_UDS_V0.4,s000039518,P7,39518,3.1,3.54,-
444,CAPERS_UDS_V0.4,s000038451,P7,38451,1.72,NaN,-
445,CAPERS_UDS_V0.4,s000068701,P7,68701,1.69,NaN,-
446,CAPERS_UDS_V0.4,s000073697,P7,73697,1.9,2.285994,-
447,CAPERS_UDS_V0.4,s000054635,P7,54635,4.18,4.08,-
448,CAPERS_UDS_V0.4,s000047791,P7,47791,2.65,2.925892,-
449,CAPERS_UDS_V0.4,s000056419,P7,56419,0.46,4.54,-
450,CAPERS_UDS_V0.4,s000037423,P7,37423,3.76,4.128739,-
451,CAPERS_UDS_V0.4,s000046393,P7,46393,1.12,1.199659,-
452,CAPERS_UDS_V0.4,s000038979,P7,38979,0.28,0.25635,-
453,CAPERS_UDS_V0.4,s000078091,P7,78091,1.54,NaN,-
454,CAPERS_UDS_V0.4,s000047298,P7,47298,1.63,1.6,-
455,CAPERS_UDS_V0.4,s000062514,P7,62514,0.91,NaN,-
456,CAPERS_UDS_V0.4,s000073902,P7,73902,1.84,2.1772,-
457,CAPERS_UDS_V0.4,s000039346,P7,39346,3.07,2.58,-
458,CAPERS_UDS_V0.4,s000036399,P7,36399,5.17,5.201023,-
459,CAPERS_UDS_V0.4,s000061752,P7,61752,4.78,NaN,-
460,CAPERS_UDS_V0.4,s000075046,P7,75046,3.64,5.03,-
461,CAPERS_UDS_V0.4,s000044850,P7,44850,0.7,NaN,-
462,CAPERS_UDS_V0.4,s000068224,P7,68224,2.08,2.695721,miss-placed trace (lines in absorption)
463,CAPERS_UDS_V0.4,s000041430,P7,41430,3.85,3.817519,-
464,CAPERS_UDS_V0.4,s000036747,P7,36747,2.02,1.540711,-
465,CAPERS_UDS_V0.4,s000043888,P7,43888,2.95,0.87979,-
466,CAPERS_UDS_V0.4,s000045332,P7,45332,4.81,4.66,-
467,CAPERS_UDS_V0.4,s000074939,P7,74939,1.21,1.098198,-
468,CAPERS_UDS_V0.4,s000082436,P7,82436,4.66,4.75,-
469,CAPERS_UDS_V0.4,s000034989,P7,34989,2.29,2.29,-
470,CAPERS_UDS_V0.4,s000042824,P7,42824,3.46,3.190265,-
471,CAPERS_UDS_V0.4,s000035272,P7,35272,1.69,1.74,-
472,CAPERS_UDS_V0.4,s000156253,P7,156253,6.43,NaN,-
473,CAPERS_UDS_V0.4,s000043575,P7,43575,2.41,1.7,-
474,CAPERS_UDS_V0.4,s000037034,P7,37034,1.27,1.30055,-
475,CAPERS_UDS_V0.4,s000076547,P7,76547,5.14,5.204533,-
476,CAPERS_UDS_V0.4,s000075168,P7,75168,1.18,NaN,-
477,CAPERS_UDS_V0.4,s000042404,P7,42404,1.45,1.501788,-
478,CAPERS_UDS_V0.4,s000038693,P7,38693,2.65,2.6,-
479,CAPERS_UDS_V0.4,s000060964,P7,60964,7.27,7.37917,-
480,CAPERS_UDS_V0.4,s000046558,P7,46558,2.26,2.23795,-
481,CAPERS_UDS_V0.4,s000045237,P7,45237,3.07,3.1,-
482,CAPERS_UDS_V0.4,s000058453,P7,58453,0.97,NaN,-
483,CAPERS_UDS_V0.4,s000035632,P7,35632,0.46,NaN,-
484,CAPERS_UDS_V0.4,s000042773,P7,42773,2.08,2.218044,-
485,CAPERS_UDS_V0.4,s000045602,P7,45602,2.44,NaN,-
486,CAPERS_UDS_V0.4,s000061120,P7,61120,2.32,NaN,-
487,CAPERS_UDS_V0.4,s000046853,P7,46853,2.38,2.582923,-
488,CAPERS_UDS_V0.4,s000037378,P7,37378,2.68,3.052782,-
489,CAPERS_UDS_V0.4,s000043418,P7,43418,3.55,3.678413,-
490,CAPERS_UDS_V0.4,s000042145,P7,42145,2.71,2.171068,-
491,CAPERS_UDS_V0.4,s000041840,P7,41840,4.81,4.67,-
492,CAPERS_UDS_V0.4,s000036972,P7,36972,1.27,NaN,-
493,CAPERS_UDS_V0.4,s000077510,P7,77510,0.19,NaN,-
494,CAPERS_UDS_V0.4,s000061155,P7,61155,6.01,NaN,-
495,CAPERS_UDS_V0.4,s000067723,P7,67723,2.5,2.223954,-
496,CAPERS_UDS_V0.4,s000045601,P7,45601,1.84,1.809301,-
497,CAPERS_UDS_V0.4,s000047632,P7,47632,1.21,1.098857,-
498,CAPERS_UDS_V0.4,s000071029,P7,71029,4.12,NaN,-
499,CAPERS_UDS_V0.4,s000046044,P7,46044,0.46,3.72,-
500,CAPERS_UDS_V0.4,s000069805,P7,69805,5.26,5.038105,-
501,CAPERS_UDS_V0.4,s000046705,P7,46705,1.09,1.09,-
502,CAPERS_UDS_V0.4,s000045012,P7,45012,2.65,NaN,-
503,CAPERS_UDS_V0.4,s000039925,P7,39925,4.12,3.8,-
504,CAPERS_UDS_V0.4,s000068561,P7,68561,0.01,NaN,-
505,CAPERS_UDS_V0.4,s000044109,P7,44109,0.91,NaN,-
506,CAPERS_UDS_V0.4,s000037914,P7,37914,1.63,NaN,-
507,CAPERS_UDS_V0.4,s000040469,P7,40469,2.92,2.809838,-
508,CAPERS_UDS_V0.4,s000060120,P7,60120,6.73,NaN,-
509,CAPERS_UDS_V0.4,s000038456,P7,38456,0.91,1.035623,-
510,CAPERS_UDS_V0.4,s000040230,P7,40230,3.91,3.8,-
511,CAPERS_UDS_V0.4,s000067896,P7,67896,12.46,3.23,-
512,CAPERS_UDS_V0.4,s000064674,P7,64674,3.73,2.947918,-
513,CAPERS_UDS_V0.4,s000039763,P7,39763,2.29,2.158828,-
514,CAPERS_UDS_V0.4,s000075468,P7,75468,0.7,0.684949,-
515,CAPERS_UDS_V0.4,s000046221,P7,46221,3.28,3.111948,-
516,CAPERS_UDS_V0.4,s000036695,P7,36695,1.54,1.750602,-
517,CAPERS_UDS_V0.4,s000044943,P7,44943,0.82,0.657293,-
518,CAPERS_UDS_V0.4,s000070443,P7,70443,2.71,3.2,-
519,CAPERS_UDS_V0.4,s000072848,P7,72848,4.66,4.06,-
520,CAPERS_UDS_V0.4,s000072638,P7,72638,2.71,NaN,-
521,CAPERS_UDS_V0.4,s000041885,P7,41885,1.36,NaN,-
522,CAPERS_UDS_V0.4,s000045681,P7,45681,0.88,NaN,-
523,CAPERS_UDS_V0.4,s000058162,P7,58162,7.03,7.311704,-
524,CAPERS_UDS_V0.4,s000075149,P7,75149,4.81,4.36,-
525,CAPERS_UDS_V0.4,s000045152,P7,45152,6.88,6.896611,-
526,CAPERS_UDS_V0.4,s000075598,P7,75598,1.66,NaN,-
527,CAPERS_UDS_V0.4,s000072119,P7,72119,0.61,4.631272,-
528,CAPERS_UDS_V0.4,s000037987,P7,37987,0.79,0.838586,-
529,CAPERS_UDS_V0.4,s000042452,P7,42452,0.97,NaN,-
530,CAPERS_UDS_V0.4,s000074524,P7,74524,4.6,4.34471,-
531,CAPERS_UDS_V0.4,s000057642,P7,57642,0.67,0.394592,Maybe miss-placed trace
532,CAPERS_UDS_V0.4,s000046639,P7,46639,1.84,2.18,-
533,CAPERS_UDS_V0.4,s000062314,P7,62314,1.06,NaN,-
534,CAPERS_UDS_V0.4,s000071109,P7,71109,2.32,NaN,-
535,CAPERS_UDS_V0.4,s000044651,P7,44651,2.71,2.98,-
536,CAPERS_UDS_V0.4,s000034644,P7,34644,1.18,1.186811,-
537,CAPERS_UDS_V0.4,s000045896,P7,45896,3.19,2.98,-
538,CAPERS_UDS_V0.4,s000036351,P7,36351,1.69,1.76,-
539,CAPERS_UDS_V0.4,s000076640,P7,76640,2.26,2.28,-
540,CAPERS_UDS_V0.4,s000037377,P7,37377,1.06,NaN,-
541,CAPERS_UDS_V0.4,s000045201,P7,45201,1.3,NaN,-
542,CAPERS_UDS_V0.4,s000041678,P7,41678,3.28,3.24,-
543,CAPERS_UDS_V0.4,s000043923,P7,43923,1.69,2.72,-
544,CAPERS_UDS_V0.4,s000072124,P7,72124,0.73,NaN,-
545,CAPERS_UDS_V0.4,s000057986,P7,57986,2.77,2.591498,-
546,CAPERS_UDS_V0.4,s000059060,P7,59060,6.52,2.209346,-
547,CAPERS_UDS_V0.4,s000043924,P7,43924,2.68,2.72,-
548,CAPERS_UDS_V0.4,s000045889,P7,45889,1.63,1.619092,-
549,CAPERS_UDS_V0.4,s000061345,P7,61345,0.19,NaN,-
550,CAPERS_UDS_V0.4,s000040978,P7,40978,1.54,1.44434,-
551,CAPERS_UDS_V0.4,s000038233,P7,38233,5.08,5.0,-
552,CAPERS_UDS_V0.4,s000035030,P7,35030,0.16,1.9,-
553,CAPERS_UDS_V0.4,s000046093,P7,46093,1.72,2.6,-
554,CAPERS_UDS_V0.4,s000080040,P7,80040,4.39,3.805563,-
555,CAPERS_UDS_V0.4,s000041788,P7,41788,1.84,1.744762,-
556,CAPERS_UDS_V0.4,s000045185,P7,45185,1.39,NaN,-
557,CAPERS_UDS_V0.4,s000041216,P7,41216,2.62,2.62,-
558,CAPERS_UDS_V0.4,s000055894,P7,55894,3.4,3.16,-
559,CAPERS_UDS_V0.4,s000037280,P7,37280,0.97,0.900291,-
560,CAPERS_UDS_V0.4,s000041502,P7,41502,2.17,2.596097,-
561,CAPERS_UDS_V0.4,s000061425,P7,61425,1.84,2.319502,-
562,CAPERS_UDS_V0.4,s000054348,P7,54348,3.49,1.037445,-
563,CAPERS_UDS_V0.4,s000074906,P7,74906,4.72,4.131795,-
564,CAPERS_UDS_V0.4,s000071981,P7,71981,4.87,NaN,-
565,CAPERS_UDS_V0.4,s000043740,P7,43740,1.0,4.8,-
566,CAPERS_UDS_V0.4,s000036249,P7,36249,1.45,NaN,-
567,CAPERS_UDS_V0.4,s000041865,P7,41865,1.6,NaN,-
568,CAPERS_UDS_V0.4,s000083282,P7,83282,1.06,NaN,-
569,CAPERS_UDS_V0.4,s000038685,P7,38685,3.4,2.978348,-
570,CAPERS_UDS_V0.4,s000044724,P7,44724,2.5,2.487511,-
571,CAPERS_UDS_V0.4,s000065424,P7,65424,6.64,4.362491,-
572,CAPERS_UDS_V0.4,s000056485,P7,56485,7.06,7.093217,-
573,CAPERS_UDS_V0.4,s000037744,P7,37744,0.79,NaN,-
574,CAPERS_UDS_V0.4,s000059496,P7,59496,1.96,1.72,-
575,CAPERS_UDS_V0.4,s000043569,P7,43569,3.58,3.55,-
576,CAPERS_UDS_V0.4,s000044263,P7,44263,2.38,2.605142,-
577,CAPERS_UDS_V0.4,s000078851,P7,78851,5.71,3.725067,-
578,CAPERS_UDS_V0.4,s000054040,P7,54040,1.03,NaN,-
579,CAPERS_UDS_V0.4,s000052142,P7,52142,2.44,NaN,-
580,CAPERS_UDS_V0.4,s000073543,P7,73543,3.1,NaN,-
581,CAPERS_UDS_V0.4,s000035164,P7,35164,1.12,1.211952,-
582,CAPERS_UDS_V0.4,s000056346,P7,56346,10.42,NaN,-
583,CAPERS_UDS_V0.4,s000039336,P7,39336,0.52,NaN,-
584,CAPERS_UDS_V0.4,s000057979,P7,57979,0.67,NaN,-
585,CAPERS_UDS_V0.4,s000041695,P7,41695,2.65,2.316208,-
586,CAPERS_UDS_V0.4,s000073663,P7,73663,6.91,6.902503,-
587,CAPERS_UDS_V0.4,s000062176,P7,62176,4.69,NaN,-
588,CAPERS_UDS_V0.4,s000045640,P7,45640,1.84,NaN,-
589,CAPERS_UDS_V0.4,s000080414,P7,80414,3.04,3.12,-
590,CAPERS_UDS_V0.4,s000065418,P7,65418,0.67,NaN,-
591,CAPERS_UDS_V0.4,s000064116,P7,64116,7.06,7.490426,-
592,CAPERS_UDS_V0.4,s000043809,P7,43809,0.67,NaN,-
593,CAPERS_UDS_V0.4,s000155389,P7,155389,1.36,2.181222,-
594,CAPERS_UDS_V0.4,s000069915,P7,69915,4.69,4.79,-
595,CAPERS_UDS_V0.4,s000039375,P7,39375,3.19,NaN,-
596,CAPERS_UDS_V0.4,s000058950,P7,58950,7.39,7.49147,-
597,CAPERS_UDS_V0.4,s000044006,P7,44006,2.68,3.109635,-
598,CAPERS_UDS_V0.4,s000062705,P7,62705,3.4,3.03,-
599,CAPERS_UDS_V0.4,s000075130,P7,75130,2.26,NaN,-
600,CAPERS_UDS_V0.4,s000058197,P7,58197,0.64,4.12,-
601,CAPERS_UDS_V0.4,s000038278,P7,38278,3.61,3.76287,-
602,CAPERS_UDS_V0.4,s000044627,P7,44627,0.67,0.833319,-
603,CAPERS_UDS_V0.4,s000046289,P7,46289,0.52,NaN,-
604,CAPERS_UDS_V0.4,s000063826,P7,63826,5.23,5.23,-
605,CAPERS_UDS_V0.4,s000072103,P7,72103,3.64,3.537047,-
606,CAPERS_UDS_V0.4,s000045667,P7,45667,2.08,2.12,-
607,CAPERS_UDS_V0.4,s000059064,P7,59064,7.87,7.79,-
608,CAPERS_UDS_V0.4,s000044197,P7,44197,1.75,1.96,-
609,CAPERS_UDS_V0.4,s000039130,P7,39130,3.04,2.96,-
610,CAPERS_UDS_V0.4,s000075233,P7,75233,4.36,NaN,-
611,CAPERS_UDS_V0.4,s000041895,P7,41895,2.65,2.65,-
612,CAPERS_UDS_V0.4,s000060627,P7,60627,11.56,NaN,-
613,CAPERS_UDS_V0.4,s000042911,P7,42911,1.39,1.27444,-
614,CAPERS_UDS_V0.4,s000037210,P7,37210,1.75,1.686412,-
615,CAPERS_UDS_V0.4,s000046646,P7,46646,2.2,2.315045,-
616,CAPERS_UDS_V0.4,s000070522,P7,70522,0.94,0.929888,-
617,CAPERS_UDS_V0.4,s000071332,P7,71332,10.87,NaN,-
618,CAPERS_UDS_V0.4,s000069332,P7,69332,5.65,0.810135,-
619,CAPERS_UDS_V0.4,s000072804,P7,72804,1.33,1.376817,-
620,CAPERS_UDS_V0.4,s000054284,P7,54284,3.46,NaN,-
621,CAPERS_UDS_V0.4,s000042408,P7,42408,2.59,2.659163,-
622,CAPERS_UDS_V0.4,s000063112,P7,63112,0.82,2.599264,-
623,CAPERS_UDS_V0.4,s000038630,P7,38630,1.72,1.999508,-
624,CAPERS_UDS_V0.4,s000069667,P7,69667,0.43,NaN,-
625,CAPERS_UDS_V0.4,s000057364,P7,57364,0.97,NaN,-
626,CAPERS_UDS_V0.4,s000040339,P7,40339,2.65,2.792208,-
627,CAPERS_UDS_V0.4,s000044774,P7,44774,1.84,1.84,-
628,CAPERS_UDS_V0.4,s000056586,P7,56586,5.74,NaN,-
629,CAPERS_UDS_V0.4,s000056055,P7,56055,1.81,2.18,-
630,CAPERS_UDS_V0.4,s000041702,P7,41702,1.72,1.72,-
631,CAPERS_UDS_V0.4,s000037283,P7,37283,1.03,NaN,-
632,CAPERS_UDS_V0.4,s000074631,P7,74631,0.28,NaN,-
633,CAPERS_UDS_V0.4,s000056404,P7,56404,8.92,NaN,-
634,CAPERS_UDS_V0.4,s000037533,P7,37533,1.72,NaN,-
635,CAPERS_UDS_V0.4,s000075215,P7,75215,4.09,4.370473,-
636,CAPERS_UDS_V0.4,s000071767,P7,71767,1.06,NaN,-
637,CAPERS_UDS_V0.4,s000040225,P7,40225,0.43,NaN,-
638,CAPERS_UDS_V0.4,s000076281,P7,76281,0.67,NaN,-
639,CAPERS_UDS_V0.4,s000037383,P7,37383,1.15,NaN,-
640,CAPERS_UDS_V0.4,s000060764,P7,60764,6.52,1.475466,-
641,CAPERS_UDS_V0.4,s000063242,P7,63242,1.06,NaN,-
642,CAPERS_UDS_V0.4,s000063313,P7,63313,2.56,2.58,-
643,CAPERS_UDS_V0.4,s000047179,P7,47179,2.08,2.15,-
644,CAPERS_UDS_V0.4,s000039133,P7,39133,1.15,1.129667,-
645,CAPERS_UDS_V0.4,s000044319,P7,44319,3.4,3.372279,-
646,CAPERS_UDS_V0.4,s000045336,P7,45336,0.91,NaN,-
647,CAPERS_UDS_V0.4,s000047028,P7,47028,2.29,2.3,-
648,CAPERS_UDS_V0.4,s000071301,P7,71301,4.18,4.678833,-
649,CAPERS_UDS_V0.4,s000072068,P7,72068,1.72,NaN,-
650,CAPERS_UDS_V0.4,s000056235,P7,56235,3.82,NaN,-
651,CAPERS_UDS_V0.4,s000070808,P7,70808,4.75,4.66,-
652,CAPERS_UDS_V0.4,s000041144,P7,41144,2.89,2.59,-
653,CAPERS_UDS_V0.4,s000037075,P7,37075,1.15,5.339007,Foreground object at z=1.993
654,CAPERS_UDS_V0.4,s000063183,P7,63183,4.87,4.0,-
655,CAPERS_UDS_V0.4,s000059416,P7,59416,6.16,3.854537,-
656,CAPERS_UDS_V0.4,s000070718,P7,70718,1.51,NaN,-
657,CAPERS_UDS_V0.4,s000064072,P7,64072,4.57,0.820622,-
658,CAPERS_UDS_V0.4,s000044400,P7,44400,0.31,NaN,-
659,CAPERS_UDS_V0.4,s000057971,P7,57971,3.46,3.71,-
660,CAPERS_UDS_V0.4,s000039532,P7,39532,2.56,2.594457,-
661,CAPERS_UDS_V0.4,s000042788,P7,42788,0.19,2.56,-
662,CAPERS_UDS_V0.4,s000068310,P7,68310,2.62,2.685931,-
663,CAPERS_UDS_V0.4,s000037743,P7,37743,3.73,3.76,-
664,CAPERS_UDS_V0.4,s000078570,P7,78570,1.57,1.848586,-
665,CAPERS_UDS_V0.4,s000036546,P7,36546,6.64,6.619205,-
666,CAPERS_UDS_V0.4,s000056942,P7,56942,7.93,7.779427,-
667,CAPERS_UDS_V0.4,s000038072,P7,38072,3.31,3.05,-
668,CAPERS_UDS_V0.4,s000068704,P7,68704,2.35,2.043189,-
669,CAPERS_UDS_V0.4,s000038322,P7,38322,2.38,NaN,-
670,CAPERS_UDS_V0.4,s000077813,P7,77813,5.08,NaN,-
671,CAPERS_UDS_V0.4,s000061874,P7,61874,2.14,2.26,-
672,CAPERS_UDS_V0.4,s000074539,P7,74539,5.29,0.74826,-
673,CAPERS_UDS_V0.4,s000047610,P7,47610,1.15,NaN,-
674,CAPERS_UDS_V0.4,s000038035,P7,38035,3.73,3.7,-
675,CAPERS_UDS_V0.4,s000064834,P7,64834,2.29,2.3,-
676,CAPERS_UDS_V0.4,s000040926,P7,40926,3.46,3.158874,-
677,CAPERS_UDS_V0.4,s000041147,P7,41147,2.38,2.302654,-
678,CAPERS_UDS_V0.4,s000037216,P7,37216,1.9,1.88,-
679,CAPERS_UDS_V0.4,s000079304,P7,79304,4.12,4.05,-
680,CAPERS_UDS_V0.4,s000041709,P7,41709,1.75,1.72,-
681,CAPERS_UDS_V0.4,s000043547,P7,43547,0.79,0.766923,-
682,CAPERS_UDS_V0.4,s000061469,P7,61469,0.01,NaN,-
683,CAPERS_UDS_V0.4,s000064354,P7,64354,1.93,NaN,-
684,CAPERS_UDS_V0.4,s000044944,P7,44944,0.67,0.672176,-
685,CAPERS_UDS_V0.4,s000039725,P7,39725,0.34,3.16,-
686,CAPERS_UDS_V0.4,s000075661,P7,75661,4.69,4.25145,-
687,CAPERS_UDS_V0.4,s000038536,P7,38536,2.5,2.5,-
688,CAPERS_UDS_V0.4,s000064757,P7,64757,0.97,NaN,-
689,CAPERS_UDS_V0.4,s000036121,P7,36121,1.99,1.96,-
690,CAPERS_UDS_V0.4,s000156139,P7,156139,5.77,6.178234,object in foreground at z = 2.05
691,CAPERS_UDS_V0.4,s000043619,P7,43619,1.36,NaN,-
692,CAPERS_UDS_V0.4,s000047602,P7,47602,0.31,NaN,-
693,CAPERS_UDS_V0.4,s000062961,P7,62961,0.1,NaN,-
694,CAPERS_UDS_V0.4,s000074048,P7,74048,4.69,4.46,-
695,CAPERS_UDS_V0.4,s000070319,P7,70319,1.0,3.98197,Background object at z= 3.982
696,CAPERS_UDS_V0.4,s000074153,P7,74153,1.06,2.302054,-
697,CAPERS_UDS_V0.4,s000039187,P7,39187,2.47,2.609704,-
698,CAPERS_UDS_V0.4,s000070326,P7,70326,4.69,NaN,-
699,CAPERS_UDS_V0.4,s000055019,P7,55019,0.55,NaN,-
700,CAPERS_UDS_V0.4,s000040655,P7,40655,2.02,2.189474,-
701,CAPERS_UDS_V0.4,s000060643,P7,60643,2.32,2.569431,-
702,CAPERS_UDS_V0.4,s000073547,P7,73547,6.61,6.14,-
703,CAPERS_UDS_V0.4,s000062417,P7,62417,4.12,4.24,-
704,CAPERS_UDS_V0.4,s000044268,P7,44268,0.73,0.940978,-
705,CAPERS_UDS_V0.4,s000042602,P7,42602,0.49,0.68,-
706,CAPERS_UDS_V0.4,s000038585,P7,38585,2.35,2.569852,-
707,CAPERS_UDS_V0.4,s000046155,P7,46155,1.72,2.092043,-
708,CAPERS_UDS_V0.4,s000036395,P7,36395,3.07,2.399127,-
709,CAPERS_UDS_V0.4,s000042604,P7,42604,2.68,2.886134,-
710,CAPERS_UDS_V0.4,s000045765,P7,45765,1.03,1.04,-
711,CAPERS_UDS_V0.4,s000039408,P7,39408,1.03,1.032188,-
712,CAPERS_UDS_V0.4,s000067280,P7,67280,3.07,3.071877,-
713,CAPERS_UDS_V0.4,s000065226,P7,65226,5.17,NaN,-
714,CAPERS_UDS_V0.4,s000054062,P7,54062,3.52,NaN,-
715,CAPERS_UDS_V0.4,s000064024,P7,64024,3.4,3.24,-
716,CAPERS_UDS_V0.4,s000065423,P7,65423,6.46,5.702904,-
717,CAPERS_UDS_V0.4,s000038349,P7,38349,3.79,3.8,-
718,CAPERS_UDS_V0.4,s000061676,P7,61676,3.43,NaN,-
719,CAPERS_UDS_V0.4,s000043808,P7,43808,2.95,NaN,-
720,CAPERS_UDS_V0.4,s000074785,P7,74785,5.17,5.211303,-
721,CAPERS_UDS_V0.4,s000058826,P7,58826,3.4,2.731658,-
722,CAPERS_UDS_V0.4,s000059445,P7,59445,0.13,3.853545,-
723,CAPERS_UDS_V0.4,s000060026,P7,60026,1.84,1.771854,-
724,CAPERS_UDS_V0.4,s000056843,P7,56843,8.77,2.400361,-
725,CAPERS_UDS_V0.4,s000037970,P7,37970,4.36,4.36,-
726,CAPERS_UDS_V0.4,s000059472,P7,59472,3.76,NaN,-
727,CAPERS_UDS_V0.4,s000075819,P7,75819,2.53,NaN,-
728,CAPERS_UDS_V0.4,s000044548,P7,44548,0.16,0.126003,-
729,CAPERS_UDS_V0.4,s000036048,P7,36048,1.84,1.88,-
730,CAPERS_UDS_V0.4,s000035695,P7,35695,4.78,4.62,-
731,CAPERS_UDS_V0.4,s000058997,P7,58997,2.23,2.040919,-
732,CAPERS_UDS_V0.4,s000079158,P7,79158,1.69,2.422211,object in background at z = 4.06
733,CAPERS_UDS_V0.4,s000056903,P7,56903,4.12,NaN,-
734,CAPERS_UDS_V0.4,s000072970,P7,72970,0.61,NaN,-
735,CAPERS_UDS_V0.4,s000036780,P7,36780,0.85,3.741814,-
736,CAPERS_UDS_V0.4,s000075372,P7,75372,1.51,NaN,-
737,CAPERS_UDS_V0.4,s000046203,P7,46203,3.52,3.64,-
738,CAPERS_UDS_V0.4,s000059611,P7,59611,2.35,2.597217,-
739,CAPERS_UDS_V0.4,s000066083,P7,66083,2.32,2.250981,-
740,CAPERS_UDS_V0.4,s000036603,P7,36603,1.39,NaN,-
741,CAPERS_UDS_V0.4,s000041137,P7,41137,2.65,2.595363,-
742,CAPERS_UDS_V0.4,s000047035,P7,47035,2.68,3.24,-
743,CAPERS_UDS_V0.4,s000082515,P7,82515,0.19,6.177996,-
744,CAPERS_UDS_V0.4,s000063923,P7,63923,8.35,NaN,-
745,CAPERS_UDS_V0.4,s000040536,P7,40536,2.05,2.176823,-
746,CAPERS_UDS_V0.4,s000041512,P7,41512,2.02,2.219787,-
747,CAPERS_UDS_V0.4,s000037107,P7,37107,1.84,1.768918,-
748,CAPERS_UDS_V0.4,s000064217,P7,64217,1.42,NaN,-
749,CAPERS_UDS_V0.4,s000039722,P7,39722,1.69,1.69,-
750,CAPERS_UDS_V0.4,s000077206,P7,77206,7.54,7.443654,-
751,CAPERS_UDS_V0.4,s000073215,P7,73215,4.84,2.23161,-
752,CAPERS_UDS_V0.4,s000071988,P7,71988,0.49,NaN,-
753,CAPERS_UDS_V0.4,s000073452,P7,73452,7.48,7.411754,-
754,CAPERS_UDS_V0.4,s000078087,P7,78087,3.79,NaN,-
755,CAPERS_UDS_V0.4,s000039305,P7,39305,3.25,2.75,-
756,CAPERS_UDS_V0.4,s000047052,P7,47052,1.57,1.57,-
757,CAPERS_UDS_V0.4,s000033883,P7,33883,1.54,1.376901,-
758,CAPERS_UDS_V0.4,s000038162,P7,38162,2.62,2.638133,-
759,CAPERS_UDS_V0.4,s000079088,P7,79088,3.46,3.218154,-
760,CAPERS_UDS_V0.4,s000048415,P7,48415,0.67,0.653413,-
761,CAPERS_UDS_V0.4,s000039635,P7,39635,1.15,1.240813,-
762,CAPERS_UDS_V0.4,s000034444,P7,34444,1.48,1.48,-
763,CAPERS_UDS_V0.4,s000043075,P7,43075,0.82,NaN,-
764,CAPERS_UDS_V0.4,s000072843,P7,72843,0.55,NaN,-
765,CAPERS_UDS_V0.4,s000060318,P7,60318,1.75,2.01218,-
766,CAPERS_UDS_V0.4,s000044747,P7,44747,1.21,1.134018,Background object at z = 1.886
767,CAPERS_UDS_V0.4,s000054293,P7,54293,1.84,1.68,-
768,CAPERS_UDS_V0.4,s000038486,P7,38486,2.41,2.281059,-
769,CAPERS_UDS_V0.4,s000038324,P7,38324,1.33,1.759574,-
770,CAPERS_UDS_V0.4,s000044592,P7,44592,1.42,1.42,-
771,CAPERS_UDS_V0.4,s000040916,P7,40916,1.15,1.168605,-
772,CAPERS_UDS_V0.4,s000046765,P7,46765,1.12,1.354521,-
773,CAPERS_UDS_V0.4,s000048044,P7,48044,1.57,1.63,-
774,CAPERS_UDS_V0.4,s000038826,P7,38826,4.12,3.994519,-
775,CAPERS_UDS_V0.4,s000058206,P7,58206,3.46,3.698149,-
776,CAPERS_UDS_V0.4,s000035584,P7,35584,2.71,2.567231,-
777,CAPERS_UDS_V0.4,s000058135,P7,58135,2.47,NaN,-
778,CAPERS_UDS_V0.4,s000073592,P7,73592,2.32,NaN,-
779,CAPERS_UDS_V0.4,s000064923,P7,64923,3.76,NaN,-
780,CAPERS_UDS_V0.4,s000037113,P7,37113,1.06,1.06,-
781,CAPERS_UDS_V0.4,s000082298,P7,82298,4.84,NaN,-
782,CAPERS_UDS_V0.4,s000065285,P7,65285,4.63,4.08,-
783,CAPERS_UDS_V0.4,s000075444,P7,75444,5.32,NaN,-
784,CAPERS_UDS_V0.4,s000076453,P7,76453,4.3,4.36,-
785,CAPERS_UDS_V0.4,s000045761,P7,45761,1.75,1.787366,-
786,CAPERS_UDS_V0.4,s000081687,P7,81687,4.78,NaN,-
787,CAPERS_UDS_V0.4,s000057257,P7,57257,0.13,NaN,-
788,CAPERS_UDS_V0.4,s000046543,P7,46543,0.55,0.55,-
789,CAPERS_UDS_V0.4,s000077463,P7,77463,0.1,NaN,-
790,CAPERS_UDS_V0.4,s000071170,P7,71170,0.19,NaN,-
791,CAPERS_UDS_V0.4,s000059396,P7,59396,0.73,1.717295,Maybe miss-placed trace for object at z = 1.717
792,CAPERS_UDS_V0.4,s000074093,P7,74093,3.46,3.66,-
793,CAPERS_UDS_V0.4,s000035057,P7,35057,1.03,2.48,-
794,CAPERS_UDS_V0.4,s000079827,P7,79827,1.81,NaN,-
795,CAPERS_UDS_V0.4,s000041929,P7,41929,1.63,NaN,-
796,CAPERS_UDS_V0.4,s000074594,P7,74594,4.87,NaN,-
797,CAPERS_UDS_V0.4,s000039200,P7,39200,2.65,2.74791,-
798,CAPERS_UDS_V0.4,s000076298,P7,76298,16.45,NaN,-
799,CAPERS_UDS_V0.4,s000061412,P7,61412,0.07,3.348537,-
800,CAPERS_UDS_V0.4,s000066141,P7,66141,3.46,3.382675,-
801,CAPERS_UDS_V0.4,s000042969,P7,42969,2.2,2.324073,-
802,CAPERS_UDS_V0.4,s000045051,P7,45051,3.04,3.1894,-
803,CAPERS_UDS_V0.4,s000063942,P7,63942,1.78,2.499069,-
804,CAPERS_UDS_V0.4,s000082944,P7,82944,0.64,4.4,-
805,CAPERS_UDS_V0.4,s000058803,P7,58803,1.84,1.71642,-
806,CAPERS_UDS_V0.4,s000044042,P7,44042,1.75,1.961404,-
807,CAPERS_UDS_V0.4,s000040117,P7,40117,2.68,2.762845,-
808,CAPERS_UDS_V0.4,s000058931,P7,58931,6.4,1.412047,-
809,CAPERS_UDS_V0.4,s000040539,P7,40539,0.76,0.76,-
810,CAPERS_UDS_V0.4,s000038049,P7,38049,2.65,2.58,-
811,CAPERS_UDS_V0.4,s000032333,P5,32333,2.11,2.210827,-
812,CAPERS_UDS_V0.4,s000092509,P5,92509,1.21,5.32,-
813,CAPERS_UDS_V0.4,s000090083,P5,90083,NaN,NaN,-
814,CAPERS_UDS_V0.4,s000092678,P5,92678,1.75,NaN,-
815,CAPERS_UDS_V0.4,s000026877,P5,26877,1.42,1.42,-
816,CAPERS_UDS_V0.4,s000089837,P5,89837,NaN,NaN,-
817,CAPERS_UDS_V0.4,s000081936,P5,81936,0.31,NaN,-
818,CAPERS_UDS_V0.4,s000033506,P5,33506,1.93,1.93,-
819,CAPERS_UDS_V0.4,s000084548,P5,84548,5.2,NaN,-
820,CAPERS_UDS_V0.4,s000033271,P5,33271,NaN,2.616776,-
821,CAPERS_UDS_V0.4,s000095853,P5,95853,NaN,NaN,-
822,CAPERS_UDS_V0.4,s000079319,P5,79319,0.04,NaN,-
823,CAPERS_UDS_V0.4,s000033008,P5,33008,1.33,NaN,-
824,CAPERS_UDS_V0.4,s000035195,P5,35195,NaN,1.049778,-
825,CAPERS_UDS_V0.4,s000030481,P5,30481,NaN,3.82,-
826,CAPERS_UDS_V0.4,s000102790,P5,102790,3.4,3.2,-
827,CAPERS_UDS_V0.4,s000033221,P5,33221,NaN,1.659529,-
828,CAPERS_UDS_V0.4,s000026985,P5,26985,2.17,1.807803,-
829,CAPERS_UDS_V0.4,s000027758,P5,27758,2.98,2.576416,-
830,CAPERS_UDS_V0.4,s000100215,P5,100215,NaN,6.617831,-
831,CAPERS_UDS_V0.4,s000032520,P5,32520,NaN,5.12,-
832,CAPERS_UDS_V0.4,s000097767,P5,97767,0.55,NaN,-
833,CAPERS_UDS_V0.4,s000095747,P5,95747,NaN,NaN,-
834,CAPERS_UDS_V0.4,s000030562,P5,30562,NaN,NaN,-
835,CAPERS_UDS_V0.4,s000034266,P5,34266,1.54,1.54,-
836,CAPERS_UDS_V0.4,s000085310,P5,85310,NaN,5.161008,-
837,CAPERS_UDS_V0.4,s000089048,P5,89048,1.54,1.349049,-
838,CAPERS_UDS_V0.4,s000027470,P5,27470,1.45,NaN,-
839,CAPERS_UDS_V0.4,s000029939,P5,29939,4.6,NaN,-
840,CAPERS_UDS_V0.4,s000035925,P5,35925,NaN,3.710953,-
841,CAPERS_UDS_V0.4,s000030793,P5,30793,NaN,5.76,-
842,CAPERS_UDS_V0.4,s000098541,P5,98541,3.4,3.12,-
843,CAPERS_UDS_V0.4,s000157420,P5,157420,NaN,NaN,-
844,CAPERS_UDS_V0.4,s000084026,P5,84026,NaN,NaN,-
845,CAPERS_UDS_V0.4,s000095095,P5,95095,0.7,6.556139,-
846,CAPERS_UDS_V0.4,s000083976,P5,83976,NaN,NaN,-
847,CAPERS_UDS_V0.4,s000033114,P5,33114,1.66,1.66,-
848,CAPERS_UDS_V0.4,s000081127,P5,81127,NaN,NaN,-
849,CAPERS_UDS_V0.4,s000034488,P5,34488,1.45,1.529298,-
850,CAPERS_UDS_V0.4,s000098509,P5,98509,NaN,2.29914,-
851,CAPERS_UDS_V0.4,s000035414,P5,35414,2.53,NaN,-
852,CAPERS_UDS_V0.4,s000076158,P5,76158,NaN,1.546477,-
853,CAPERS_UDS_V0.4,s000098069,P5,98069,0.55,NaN,-
854,CAPERS_UDS_V0.4,s000027031,P5,27031,NaN,1.93796,-
855,CAPERS_UDS_V0.4,s000028576,P5,28576,1.72,1.912375,-
856,CAPERS_UDS_V0.4,s000026592,P5,26592,NaN,4.56,-
857,CAPERS_UDS_V0.4,s000034617,P5,34617,3.73,NaN,-
858,CAPERS_UDS_V0.4,s000028323,P5,28323,0.55,0.641235,-
859,CAPERS_UDS_V0.4,s000027235,P5,27235,1.21,1.270594,-
860,CAPERS_UDS_V0.4,s000029157,P5,29157,1.69,1.84,-
861,CAPERS_UDS_V0.4,s000031829,P5,31829,NaN,NaN,-
862,CAPERS_UDS_V0.4,s000027780,P5,27780,0.67,0.589637,-
863,CAPERS_UDS_V0.4,s000027211,P5,27211,NaN,3.31763,-
864,CAPERS_UDS_V0.4,s000102124,P5,102124,NaN,2.281158,-
865,CAPERS_UDS_V0.4,s000097121,P5,97121,NaN,6.76,-
866,CAPERS_UDS_V0.4,s000076819,P5,76819,NaN,4.066028,-
867,CAPERS_UDS_V0.4,s000083157,P5,83157,NaN,NaN,-
868,CAPERS_UDS_V0.4,s000088581,P5,88581,3.73,NaN,-
869,CAPERS_UDS_V0.4,s000027993,P5,27993,0.91,3.98,-
870,CAPERS_UDS_V0.4,s000026751,P5,26751,1.72,1.724764,-
871,CAPERS_UDS_V0.4,s000035123,P5,35123,1.12,1.08,-
872,CAPERS_UDS_V0.4,s000026469,P5,26469,2.2,2.059296,-
873,CAPERS_UDS_V0.4,s000033306,P5,33306,1.54,1.54,-
874,CAPERS_UDS_V0.4,s000036459,P5,36459,2.65,2.518983,-
875,CAPERS_UDS_V0.4,s000030705,P5,30705,2.32,2.348857,-
876,CAPERS_UDS_V0.4,s000034800,P5,34800,NaN,NaN,-
877,CAPERS_UDS_V0.4,s000035965,P5,35965,0.67,NaN,-
878,CAPERS_UDS_V0.4,s000026531,P5,26531,NaN,1.84,-
879,CAPERS_UDS_V0.4,s000084902,P5,84902,1.51,NaN,-
880,CAPERS_UDS_V0.4,s000030031,P5,30031,0.67,NaN,-
881,CAPERS_UDS_V0.4,s000079401,P5,79401,NaN,NaN,-
882,CAPERS_UDS_V0.4,s000036835,P5,36835,4.78,4.61,-
883,CAPERS_UDS_V0.4,s000094603,P5,94603,NaN,2.76696,-
884,CAPERS_UDS_V0.4,s000026533,P5,26533,NaN,2.28,-
885,CAPERS_UDS_V0.4,s000029002,P5,29002,NaN,0.751711,-
886,CAPERS_UDS_V0.4,s000033555,P5,33555,NaN,NaN,-
887,CAPERS_UDS_V0.4,s000027120,P5,27120,NaN,1.472273,-
888,CAPERS_UDS_V0.4,s000035780,P5,35780,3.07,2.980213,-
889,CAPERS_UDS_V0.4,s000082699,P5,82699,10.45,10.718904,-
890,CAPERS_UDS_V0.4,s000082305,P5,82305,NaN,2.305826,-
891,CAPERS_UDS_V0.4,s000085084,P5,85084,4.78,4.592383,-
892,CAPERS_UDS_V0.4,s000085451,P5,85451,NaN,3.399251,miss-placed trace (lines in absorption)
893,CAPERS_UDS_V0.4,s000032668,P5,32668,1.54,2.054703,-
894,CAPERS_UDS_V0.4,s000025052,P5,25052,1.9,2.599733,-
895,CAPERS_UDS_V0.4,s000037438,P5,37438,NaN,5.89,-
896,CAPERS_UDS_V0.4,s000037338,P5,37338,3.7,3.58,-
897,CAPERS_UDS_V0.4,s000034833,P5,34833,NaN,1.276275,-
898,CAPERS_UDS_V0.4,s000082550,P5,82550,NaN,NaN,-
899,CAPERS_UDS_V0.4,s000027257,P5,27257,1.75,2.25,-
900,CAPERS_UDS_V0.4,s000026614,P5,26614,NaN,2.103447,-
901,CAPERS_UDS_V0.4,s000097333,P5,97333,1.12,1.27,-
902,CAPERS_UDS_V0.4,s000028460,P5,28460,1.21,NaN,-
903,CAPERS_UDS_V0.4,s000102822,P5,102822,NaN,NaN,-
904,CAPERS_UDS_V0.4,s000090718,P5,90718,NaN,NaN,-
905,CAPERS_UDS_V0.4,s000033326,P5,33326,NaN,1.912079,-
906,CAPERS_UDS_V0.4,s000096580,P5,96580,NaN,6.09378,-
907,CAPERS_UDS_V0.4,s000026775,P5,26775,NaN,3.21,-
908,CAPERS_UDS_V0.4,s000097698,P5,97698,1.03,NaN,-
909,CAPERS_UDS_V0.4,s000029802,P5,29802,NaN,NaN,-
910,CAPERS_UDS_V0.4,s000026848,P5,26848,5.95,5.99,-
911,CAPERS_UDS_V0.4,s000029938,P5,29938,4.69,NaN,-
912,CAPERS_UDS_V0.4,s000085603,P5,85603,NaN,NaN,-
913,CAPERS_UDS_V0.4,s000073774,P5,73774,NaN,1.48,-
914,CAPERS_UDS_V0.4,s000081715,P5,81715,1.03,1.489614,-
915,CAPERS_UDS_V0.4,s000084729,P5,84729,NaN,NaN,-
916,CAPERS_UDS_V0.4,s000034233,P5,34233,0.61,NaN,-
917,CAPERS_UDS_V0.4,s000091188,P5,91188,NaN,NaN,-
918,CAPERS_UDS_V0.4,s000028597,P5,28597,10.3,9.20109,-
919,CAPERS_UDS_V0.4,s000102363,P5,102363,NaN,3.22,-
920,CAPERS_UDS_V0.4,s000041672,P5,41672,NaN,1.178772,-
921,CAPERS_UDS_V0.4,s000099449,P5,99449,4.18,4.16,-
922,CAPERS_UDS_V0.4,s000036275,P5,36275,2.77,2.6027,-
923,CAPERS_UDS_V0.4,s000033532,P5,33532,0.76,0.76,-
924,CAPERS_UDS_V0.4,s000092206,P5,92206,2.65,2.600787,-
925,CAPERS_UDS_V0.4,s000079809,P5,79809,3.76,2.970613,-
926,CAPERS_UDS_V0.4,s000034139,P5,34139,1.03,1.093443,-
927,CAPERS_UDS_V0.4,s000093494,P5,93494,0.16,NaN,-
928,CAPERS_UDS_V0.4,s000025410,P5,25410,NaN,1.682459,-
929,CAPERS_UDS_V0.4,s000087408,P5,87408,4.93,5.155183,-
930,CAPERS_UDS_V0.4,s000093318,P5,93318,12.43,5.225464,-
931,CAPERS_UDS_V0.4,s000081437,P5,81437,NaN,NaN,-
932,CAPERS_UDS_V0.4,s000025720,P5,25720,3.07,3.12063,-
933,CAPERS_UDS_V0.4,s000087828,P5,87828,6.61,NaN,-
934,CAPERS_UDS_V0.4,s000029998,P5,29998,NaN,3.986285,-
935,CAPERS_UDS_V0.4,s000028094,P5,28094,4.75,4.8,-
936,CAPERS_UDS_V0.4,s000076202,P5,76202,11.8,3.092147,-
937,CAPERS_UDS_V0.4,s000103825,P5,103825,12.1,3.589242,-
938,CAPERS_UDS_V0.4,s000094985,P5,94985,NaN,3.71,-
939,CAPERS_UDS_V0.4,s000085711,P5,85711,NaN,NaN,-
940,CAPERS_UDS_V0.4,s000026804,P5,26804,NaN,2.302168,-
941,CAPERS_UDS_V0.4,s000025596,P5,25596,1.18,NaN,-
942,CAPERS_UDS_V0.4,s000027153,P5,27153,2.23,1.73182,-
943,CAPERS_UDS_V0.4,s000076857,P5,76857,NaN,NaN,-
944,CAPERS_UDS_V0.4,s000027700,P5,27700,1.39,1.30972,-
945,CAPERS_UDS_V0.4,s000029620,P5,29620,4.84,4.8,-
946,CAPERS_UDS_V0.4,s000095066,P5,95066,NaN,4.44,-
947,CAPERS_UDS_V0.4,s000025382,P5,25382,0.91,0.931497,-
948,CAPERS_UDS_V0.4,s000033214,P5,33214,NaN,NaN,-
949,CAPERS_UDS_V0.4,s000027926,P5,27926,2.53,2.60202,miss-placed trace (lines in absorption)
950,CAPERS_UDS_V0.4,s000037691,P5,37691,1.54,NaN,-
951,CAPERS_UDS_V0.4,s000102764,P5,102764,NaN,NaN,-
952,CAPERS_UDS_V0.4,s000027878,P5,27878,2.59,2.618292,-
953,CAPERS_UDS_V0.4,s000034735,P5,34735,3.28,2.82,-
954,CAPERS_UDS_V0.4,s000092376,P5,92376,3.64,3.582749,-
955,CAPERS_UDS_V0.4,s000084844,P5,84844,1.06,5.94,-
956,CAPERS_UDS_V0.4,s000028312,P5,28312,NaN,1.84,-
957,CAPERS_UDS_V0.4,s000078352,P5,78352,NaN,1.600718,-
958,CAPERS_UDS_V0.4,s000026886,P5,26886,2.29,2.3,-
959,CAPERS_UDS_V0.4,s000029143,P5,29143,NaN,2.529819,-
960,CAPERS_UDS_V0.4,s000036012,P5,36012,3.55,3.54,-
961,CAPERS_UDS_V0.4,s000096647,P5,96647,NaN,NaN,-
962,CAPERS_UDS_V0.4,s000027032,P5,27032,NaN,NaN,maybe inverted continuum?
963,CAPERS_UDS_V0.4,s000026544,P5,26544,1.84,1.705574,-
964,CAPERS_UDS_V0.4,s000033770,P5,33770,2.62,2.6,-
965,CAPERS_UDS_V0.4,s000029001,P5,29001,NaN,0.747793,miss-placed trace (lines in absorption) (good example of this)
966,CAPERS_UDS_V0.4,s000025528,P5,25528,NaN,NaN,-
967,CAPERS_UDS_V0.4,s000076692,P5,76692,NaN,NaN,-
968,CAPERS_UDS_V0.4,s000033421,P5,33421,4.57,4.430098,-
969,CAPERS_UDS_V0.4,s000036574,P5,36574,2.41,2.292164,-
970,CAPERS_UDS_V0.4,s000028728,P5,28728,NaN,2.259753,-
971,CAPERS_UDS_V0.4,s000041667,P5,41667,1.06,NaN,-
972,CAPERS_UDS_V0.4,s000025414,P5,25414,0.28,NaN,-
973,CAPERS_UDS_V0.4,s000036375,P5,36375,3.79,3.84,-
974,CAPERS_UDS_V0.4,s000089902,P5,89902,NaN,NaN,-
975,CAPERS_UDS_V0.4,s000081265,P5,81265,2.98,NaN,-
976,CAPERS_UDS_V0.4,s000034489,P5,34489,5.53,5.34,-
977,CAPERS_UDS_V0.4,s000095413,P5,95413,0.55,4.0,-
978,CAPERS_UDS_V0.4,s000031425,P5,31425,0.94,0.94,-
979,CAPERS_UDS_V0.4,s000027713,P5,27713,NaN,0.691473,-
980,CAPERS_UDS_V0.4,s000098579,P5,98579,NaN,2.28,-
981,CAPERS_UDS_V0.4,s000087698,P5,87698,NaN,NaN,-
982,CAPERS_UDS_V0.4,s000035284,P5,35284,2.17,2.208638,-
983,CAPERS_UDS_V0.4,s000078830,P5,78830,5.26,NaN,-
984,CAPERS_UDS_V0.4,s000025130,P5,25130,3.4,3.22,-
985,CAPERS_UDS_V0.4,s000035595,P5,35595,4.36,4.12,-
986,CAPERS_UDS_V0.4,s000086840,P5,86840,NaN,6.105105,-
987,CAPERS_UDS_V0.4,s000032056,P5,32056,1.57,1.500062,-
988,CAPERS_UDS_V0.4,s000038408,P5,38408,NaN,NaN,-
989,CAPERS_UDS_V0.4,s000027013,P5,27013,1.87,1.7,-
990,CAPERS_UDS_V0.4,s000032487,P5,32487,1.0,0.908466,-
991,CAPERS_UDS_V0.4,s000085100,P5,85100,NaN,1.389434,-
992,CAPERS_UDS_V0.4,s000084908,P5,84908,1.69,NaN,-
993,CAPERS_UDS_V0.4,s000031187,P5,31187,NaN,1.981072,-
994,CAPERS_UDS_V0.4,s000034535,P5,34535,1.75,1.833094,-
995,CAPERS_UDS_V0.4,s000083475,P5,83475,1.0,0.915201,-
996,CAPERS_UDS_V0.4,s000103333,P5,103333,1.69,1.92,-
997,CAPERS_UDS_V0.4,s000027822,P5,27822,0.67,4.15,-
998,CAPERS_UDS_V0.4,s000035282,P5,35282,NaN,3.261188,-
999,CAPERS_UDS_V0.4,s000035372,P5,35372,NaN,3.24,-
1000,CAPERS_UDS_V0.4,s000089601,P5,89601,10.45,8.829289,-
1001,CAPERS_UDS_V0.4,s000079439,P5,79439,NaN,NaN,-
1002,CAPERS_UDS_V0.4,s000084517,P5,84517,0.85,3.039377,-
1003,CAPERS_UDS_V0.4,s000036641,P5,36641,2.26,2.284456,-
1004,CAPERS_UDS_V0.4,s000083074,P5,83074,3.73,1.673609,-
1005,CAPERS_UDS_V0.4,s000032928,P5,32928,3.04,2.76,-
1006,CAPERS_UDS_V0.4,s000031363,P5,31363,1.06,1.073836,-
1007,CAPERS_UDS_V0.4,s000079188,P5,79188,5.71,NaN,-
1008,CAPERS_UDS_V0.4,s000078949,P5,78949,9.43,NaN,-
1009,CAPERS_UDS_V0.4,s000095744,P5,95744,2.29,2.3,-
1010,CAPERS_UDS_V0.4,s000092067,P5,92067,0.79,NaN,-
1011,CAPERS_UDS_V0.4,s000031000,P5,31000,0.13,NaN,-
1012,CAPERS_UDS_V0.4,s000078472,P5,78472,NaN,2.650321,-
1013,CAPERS_UDS_V0.4,s000032547,P5,32547,0.82,0.901223,Maybe miss-placed trace: object in background?
1014,CAPERS_UDS_V0.4,s000033291,P5,33291,1.15,NaN,-
1015,CAPERS_UDS_V0.4,s000033733,P5,33733,NaN,NaN,-
1016,CAPERS_UDS_V0.4,s000094363,P5,94363,6.46,NaN,-
1017,CAPERS_UDS_V0.4,s000102871,P5,102871,NaN,NaN,-
1018,CAPERS_UDS_V0.4,s000083939,P5,83939,0.64,2.528335,-
1019,CAPERS_UDS_V0.4,s000027754,P5,27754,1.39,1.449145,-
1020,CAPERS_UDS_V0.4,s000078885,P5,78885,NaN,NaN,-
1021,CAPERS_UDS_V0.4,s000036995,P5,36995,NaN,NaN,-
1022,CAPERS_UDS_V0.4,s000095814,P5,95814,NaN,NaN,-
1023,CAPERS_UDS_V0.4,s000032249,P5,32249,NaN,1.61,-
1024,CAPERS_UDS_V0.4,s000099357,P5,99357,0.4,4.7,-
1025,CAPERS_UDS_V0.4,s000078545,P5,78545,7.63,7.371422,-
1026,CAPERS_UDS_V0.4,s000029342,P5,29342,0.94,0.94,-
1027,CAPERS_UDS_V0.4,s000092994,P5,92994,5.68,1.756215,-
1028,CAPERS_UDS_V0.4,s000027685,P5,27685,NaN,1.474309,-
1029,CAPERS_UDS_V0.4,s000027904,P5,27904,12.94,3.965655,-
1030,CAPERS_UDS_V0.4,s000091291,P5,91291,0.1,NaN,-
1031,CAPERS_UDS_V0.4,s000098844,P5,98844,NaN,NaN,-
1032,CAPERS_UDS_V0.4,s000032921,P5,32921,3.73,3.4,-
1033,CAPERS_UDS_V0.4,s000038089,P5,38089,0.82,0.82,-
1034,CAPERS_UDS_V0.4,s000082335,P5,82335,NaN,3.47,-
1035,CAPERS_UDS_V0.4,s000088137,P5,88137,2.29,2.218777,-
1036,CAPERS_UDS_V0.4,s000084340,P5,84340,2.65,NaN,-
1037,CAPERS_UDS_V0.4,s000081316,P5,81316,NaN,NaN,-
1038,CAPERS_UDS_V0.4,s000091508,P5,91508,11.95,2.599727,-
1039,CAPERS_UDS_V0.4,s000033755,P5,33755,NaN,6.98,-
1040,CAPERS_UDS_V0.4,s000035592,P5,35592,0.94,0.9,-
1041,CAPERS_UDS_V0.4,s000032493,P5,32493,NaN,2.292956,-
1042,CAPERS_UDS_V0.4,s000083687,P5,83687,5.5,5.34,-
1043,CAPERS_UDS_V0.4,s000082491,P5,82491,NaN,NaN,-
1044,CAPERS_UDS_V0.4,s000080723,P5,80723,1.09,NaN,-
1045,CAPERS_UDS_V0.4,s000028788,P5,28788,0.82,4.436249,-
1046,CAPERS_UDS_V0.4,s000087631,P5,87631,NaN,NaN,-
1047,CAPERS_UDS_V0.4,s000029716,P5,29716,1.57,NaN,-
1048,CAPERS_UDS_V0.4,s000083827,P5,83827,NaN,4.8,-
1049,CAPERS_UDS_V0.4,s000092974,P5,92974,5.17,5.22,-
1050,CAPERS_UDS_V0.4,s000030948,P5,30948,1.57,1.608855,-
1051,CAPERS_UDS_V0.4,s000036295,P5,36295,2.41,2.58,-
1052,CAPERS_UDS_V0.4,s000096994,P5,96994,NaN,NaN,-
1053,CAPERS_UDS_V0.4,s000082261,P5,82261,4.93,NaN,-
1054,CAPERS_UDS_V0.4,s000028227,P5,28227,NaN,1.919158,-
1055,CAPERS_UDS_V0.4,s000102845,P5,102845,NaN,NaN,-
1056,CAPERS_UDS_V0.4,s000035550,P5,35550,NaN,2.603665,-
1057,CAPERS_UDS_V0.4,s000028042,P5,28042,1.99,NaN,-
1058,CAPERS_UDS_V0.4,s000035629,P5,35629,2.35,2.604921,-
1059,CAPERS_UDS_V0.4,s000090967,P5,90967,0.61,4.13,-
1060,CAPERS_UDS_V0.4,s000031327,P5,31327,1.96,2.26,-
1061,CAPERS_UDS_V0.4,s000028819,P5,28819,NaN,2.148087,-
1062,CAPERS_UDS_V0.4,s000033767,P5,33767,NaN,1.666867,-
1063,CAPERS_UDS_V0.4,s000032847,P5,32847,NaN,3.42,-
1064,CAPERS_UDS_V0.4,s000083608,P5,83608,0.46,NaN,-
1065,CAPERS_UDS_V0.4,s000027266,P5,27266,1.3,1.405887,-
1066,CAPERS_UDS_V0.4,s000030027,P5,30027,0.67,4.44,-
1067,CAPERS_UDS_V0.4,s000078156,P5,78156,NaN,4.560554,-
1068,CAPERS_UDS_V0.4,s000096594,P5,96594,NaN,1.474737,-
1069,CAPERS_UDS_V0.4,s000027779,P5,27779,0.61,NaN,-
1070,CAPERS_UDS_V0.4,s000079368,P5,79368,NaN,NaN,-
1071,CAPERS_UDS_V0.4,s000034296,P5,34296,1.75,1.87,-
1072,CAPERS_UDS_V0.4,s000033453,P5,33453,0.34,0.34,-
1073,CAPERS_UDS_V0.4,s000025599,P5,25599,1.66,1.66,-
1074,CAPERS_UDS_V0.4,s000025083,P5,25083,NaN,1.658699,-
1075,CAPERS_UDS_V0.4,s000076889,P5,76889,NaN,4.08,-
1076,CAPERS_UDS_V0.4,s000101777,P5,101777,NaN,5.11,-
1077,CAPERS_UDS_V0.4,s000097250,P5,97250,NaN,NaN,-
1078,CAPERS_UDS_V0.4,s000027837,P5,27837,NaN,NaN,-
1079,CAPERS_UDS_V0.4,s000037952,P5,37952,NaN,NaN,-
1080,CAPERS_UDS_V0.4,s000026325,P5,26325,NaN,2.22,-
1081,CAPERS_UDS_V0.4,s000082924,P5,82924,1.09,NaN,-
1082,CAPERS_UDS_V0.4,s000027720,P5,27720,NaN,2.377449,-
1083,CAPERS_UDS_V0.4,s000089009,P5,89009,1.09,NaN,-
1084,CAPERS_UDS_V0.4,s000037289,P5,37289,NaN,0.454732,-
1085,CAPERS_UDS_V0.4,s000031968,P5,31968,NaN,3.8,-
1086,CAPERS_UDS_V0.4,s000026192,P5,26192,1.69,2.62,-
1087,CAPERS_UDS_V0.4,s000084772,P5,84772,NaN,3.714599,-
1088,CAPERS_UDS_V0.4,s000096205,P5,96205,NaN,1.927938,-
1089,CAPERS_UDS_V0.4,s000081920,P5,81920,NaN,3.605434,-
1090,CAPERS_UDS_V0.4,s000089251,P5,89251,1.84,2.491128,-
1091,CAPERS_UDS_V0.4,s000100039,P5,100039,NaN,1.62452,-
1092,CAPERS_UDS_V0.4,s000075425,P5,75425,NaN,1.420554,-
1093,CAPERS_UDS_V0.4,s000035483,P5,35483,NaN,2.31,-
1094,CAPERS_UDS_V0.4,s000096539,P5,96539,NaN,2.715844,-
1095,CAPERS_UDS_V0.4,s000034686,P5,34686,1.51,0.907506,-
1096,CAPERS_UDS_V0.4,s000082043,P5,82043,NaN,4.46,-
1097,CAPERS_UDS_V0.4,s000038133,P5,38133,1.33,NaN,-
1098,CAPERS_UDS_V0.4,s000095782,P5,95782,7.33,7.237966,-
1099,CAPERS_UDS_V0.4,s000027601,P5,27601,1.09,NaN,-
1100,CAPERS_UDS_V0.4,s000099277,P5,99277,5.2,5.15,-
1101,CAPERS_UDS_V0.4,s000027684,P5,27684,1.45,1.47,-
1102,CAPERS_UDS_V0.4,s000087534,P5,87534,NaN,NaN,-
1103,CAPERS_UDS_V0.4,s000092145,P5,92145,NaN,2.6,-
1104,CAPERS_UDS_V0.4,s000026763,P5,26763,4.21,4.07,-
1105,CAPERS_UDS_V0.4,s000093044,P5,93044,NaN,1.932438,-
1106,CAPERS_UDS_V0.4,s000098316,P5,98316,NaN,5.3,-
1107,CAPERS_UDS_V0.4,s000027778,P5,27778,NaN,NaN,-
1108,CAPERS_UDS_V0.4,s000082732,P5,82732,1.51,2.488633,-
1109,CAPERS_UDS_V0.4,s000035918,P5,35918,NaN,2.65037,-
1110,CAPERS_UDS_V0.4,s000029970,P5,29970,NaN,2.768838,-
1111,CAPERS_UDS_V0.4,s000028991,P5,28991,1.9,1.66,-
1112,CAPERS_UDS_V0.4,s000081457,P5,81457,NaN,NaN,-
1113,CAPERS_UDS_V0.4,s000033105,P5,33105,2.41,NaN,-
1114,CAPERS_UDS_V0.4,s000025938,P5,25938,NaN,5.76,-
1115,CAPERS_UDS_V0.4,s000094422,P5,94422,NaN,NaN,-
1116,CAPERS_UDS_V0.4,s000026405,P5,26405,NaN,3.52,-
1117,CAPERS_UDS_V0.4,s000034289,P5,34289,0.67,0.634639,-
1118,CAPERS_UDS_V0.4,s000023989,P5,23989,1.84,1.93,-
1119,CAPERS_UDS_V0.4,s000093635,P5,93635,1.96,NaN,-
1120,CAPERS_UDS_V0.4,s000096830,P5,96830,5.2,5.15,-
1121,CAPERS_UDS_V0.4,s000034858,P5,34858,3.7,3.66,-
1122,CAPERS_UDS_V0.4,s000036152,P5,36152,NaN,1.932288,-
1123,CAPERS_UDS_V0.4,s000093510,P5,93510,NaN,NaN,-
1124,CAPERS_UDS_V0.4,s000035141,P5,35141,NaN,NaN,-
1125,CAPERS_UDS_V0.4,s000020380,P6,20380,0.67,NaN,-
1126,CAPERS_UDS_V0.4,s000027558,P6,27558,1.18,1.094064,-
1127,CAPERS_UDS_V0.4,s000029785,P6,29785,1.72,1.871384,-
1128,CAPERS_UDS_V0.4,s000027400,P6,27400,1.75,2.240046,-
1129,CAPERS_UDS_V0.4,s000108679,P6,108679,1.93,0.946715,-
1130,CAPERS_UDS_V0.4,s000022188,P6,22188,1.54,NaN,-
1131,CAPERS_UDS_V0.4,s000019984,P6,19984,2.62,2.98,-
1132,CAPERS_UDS_V0.4,s000112478,P6,112478,4.33,4.15,-
1133,CAPERS_UDS_V0.4,s000096504,P6,96504,4.9,5.14304,-
1134,CAPERS_UDS_V0.4,s000100049,P6,100049,5.59,5.225178,-
1135,CAPERS_UDS_V0.4,s000019304,P6,19304,2.59,2.46,-
1136,CAPERS_UDS_V0.4,s000029604,P6,29604,2.32,2.146758,-
1137,CAPERS_UDS_V0.4,s000096986,P6,96986,5.17,5.12,-
1138,CAPERS_UDS_V0.4,s000022015,P6,22015,1.06,1.011604,-
1139,CAPERS_UDS_V0.4,s000017316,P6,17316,1.12,1.094834,-
1140,CAPERS_UDS_V0.4,s000021713,P6,21713,1.75,1.942789,-
1141,CAPERS_UDS_V0.4,s000029616,P6,29616,1.42,1.327217,-
1142,CAPERS_UDS_V0.4,s000017742,P6,17742,1.24,1.107521,-
1143,CAPERS_UDS_V0.4,s000023435,P6,23435,0.97,NaN,-
1144,CAPERS_UDS_V0.4,s000108037,P6,108037,3.4,3.08,-
1145,CAPERS_UDS_V0.4,s000099404,P6,99404,0.01,2.572488,-
1146,CAPERS_UDS_V0.4,s000025385,P6,25385,1.48,NaN,-
1147,CAPERS_UDS_V0.4,s000029690,P6,29690,0.58,NaN,-
1148,CAPERS_UDS_V0.4,s000096351,P6,96351,4.15,1.433276,-
1149,CAPERS_UDS_V0.4,s000027626,P6,27626,1.63,1.747692,-
1150,CAPERS_UDS_V0.4,s000090714,P6,90714,0.01,NaN,-
1151,CAPERS_UDS_V0.4,s000028130,P6,28130,1.84,2.025151,-
1152,CAPERS_UDS_V0.4,s000021351,P6,21351,2.32,2.16,-
1153,CAPERS_UDS_V0.4,s000028014,P6,28014,1.09,1.426634,-
1154,CAPERS_UDS_V0.4,s000022286,P6,22286,17.02,3.58,-
1155,CAPERS_UDS_V0.4,s000102193,P6,102193,3.91,3.226664,-
1156,CAPERS_UDS_V0.4,s000095861,P6,95861,3.61,3.58,-
1157,CAPERS_UDS_V0.4,s000095956,P6,95956,5.17,5.22,-
1158,CAPERS_UDS_V0.4,s000096551,P6,96551,0.19,NaN,-
1159,CAPERS_UDS_V0.4,s000110438,P6,110438,0.88,NaN,-
1160,CAPERS_UDS_V0.4,s000107158,P6,107158,1.84,2.665206,-
1161,CAPERS_UDS_V0.4,s000017563,P6,17563,0.43,3.88,-
1162,CAPERS_UDS_V0.4,s000021172,P6,21172,2.14,NaN,-
1163,CAPERS_UDS_V0.4,s000022341,P6,22341,2.08,NaN,-
1164,CAPERS_UDS_V0.4,s000115493,P6,115493,5.17,5.07,-
1165,CAPERS_UDS_V0.4,s000105517,P6,105517,2.08,NaN,-
1166,CAPERS_UDS_V0.4,s000028319,P6,28319,1.54,NaN,-
1167,CAPERS_UDS_V0.4,s000110474,P6,110474,1.9,NaN,-
1168,CAPERS_UDS_V0.4,s000112356,P6,112356,2.29,2.320388,-
1169,CAPERS_UDS_V0.4,s000109741,P6,109741,0.19,NaN,-
1170,CAPERS_UDS_V0.4,s000089296,P6,89296,2.11,1.759616,-
1171,CAPERS_UDS_V0.4,s000029787,P6,29787,1.39,NaN,-
1172,CAPERS_UDS_V0.4,s000108666,P6,108666,1.54,NaN,-
1173,CAPERS_UDS_V0.4,s000099070,P6,99070,1.84,NaN,-
1174,CAPERS_UDS_V0.4,s000101656,P6,101656,1.78,NaN,-
1175,CAPERS_UDS_V0.4,s000021006,P6,21006,1.84,1.841466,-
1176,CAPERS_UDS_V0.4,s000099256,P6,99256,0.19,1.673979,miss-placed trace (lines in absorption)
1177,CAPERS_UDS_V0.4,s000021527,P6,21527,1.72,1.258495,-
1178,CAPERS_UDS_V0.4,s000027180,P6,27180,2.41,2.48,-
1179,CAPERS_UDS_V0.4,s000097398,P6,97398,0.88,NaN,-
1180,CAPERS_UDS_V0.4,s000022501,P6,22501,1.6,1.96553,-
1181,CAPERS_UDS_V0.4,s000101985,P6,101985,5.59,4.6,-
1182,CAPERS_UDS_V0.4,s000100938,P6,100938,1.48,5.22,-
1183,CAPERS_UDS_V0.4,s000099192,P6,99192,0.37,NaN,-
1184,CAPERS_UDS_V0.4,s000020999,P6,20999,4.18,3.94,-
1185,CAPERS_UDS_V0.4,s000113163,P6,113163,0.13,2.604294,-
1186,CAPERS_UDS_V0.4,s000027036,P6,27036,1.06,1.25397,-
1187,CAPERS_UDS_V0.4,s000091556,P6,91556,3.82,2.022275,-
1188,CAPERS_UDS_V0.4,s000023146,P6,23146,1.6,NaN,-
1189,CAPERS_UDS_V0.4,s000026914,P6,26914,3.1,NaN,-
1190,CAPERS_UDS_V0.4,s000020738,P6,20738,1.78,1.85,-
1191,CAPERS_UDS_V0.4,s000019921,P6,19921,1.12,NaN,-
1192,CAPERS_UDS_V0.4,s000030080,P6,30080,1.72,1.789059,-
1193,CAPERS_UDS_V0.4,s000114267,P6,114267,0.22,3.014818,-
1194,CAPERS_UDS_V0.4,s000026438,P6,26438,6.61,6.45,-
1195,CAPERS_UDS_V0.4,s000099009,P6,99009,0.07,1.848018,-
1196,CAPERS_UDS_V0.4,s000092281,P6,92281,0.22,3.216481,Spectrum substracted
1197,CAPERS_UDS_V0.4,s000021881,P6,21881,1.09,NaN,-
1198,CAPERS_UDS_V0.4,s000103171,P6,103171,4.6,4.57,-
1199,CAPERS_UDS_V0.4,s000021574,P6,21574,2.47,NaN,-
1200,CAPERS_UDS_V0.4,s000109018,P6,109018,2.26,1.76139,-
1201,CAPERS_UDS_V0.4,s000022328,P6,22328,1.6,NaN,-
1202,CAPERS_UDS_V0.4,s000097566,P6,97566,2.95,NaN,-
1203,CAPERS_UDS_V0.4,s000023398,P6,23398,3.82,3.81,-
1204,CAPERS_UDS_V0.4,s000026908,P6,26908,5.23,5.22,-
1205,CAPERS_UDS_V0.4,s000108895,P6,108895,0.07,1.86,-
1206,CAPERS_UDS_V0.4,s000102732,P6,102732,7.0,7.353489,-
1207,CAPERS_UDS_V0.4,s000095365,P6,95365,3.58,NaN,-
1208,CAPERS_UDS_V0.4,s000029761,P6,29761,1.69,NaN,-
1209,CAPERS_UDS_V0.4,s000098048,P6,98048,0.13,NaN,-
1210,CAPERS_UDS_V0.4,s000108683,P6,108683,0.01,NaN,-
1211,CAPERS_UDS_V0.4,s000023671,P6,23671,0.97,0.932221,-
1212,CAPERS_UDS_V0.4,s000021445,P6,21445,1.93,NaN,-
1213,CAPERS_UDS_V0.4,s000102172,P6,102172,1.09,2.18,-
1214,CAPERS_UDS_V0.4,s000024038,P6,24038,0.97,0.958306,-
1215,CAPERS_UDS_V0.4,s000023351,P6,23351,1.93,1.869267,-
1216,CAPERS_UDS_V0.4,s000025106,P6,25106,1.66,1.66,-
1217,CAPERS_UDS_V0.4,s000110972,P6,110972,4.12,3.88,-
1218,CAPERS_UDS_V0.4,s000027768,P6,27768,2.5,2.37,-
1219,CAPERS_UDS_V0.4,s000098865,P6,98865,4.84,6.458807,-
1220,CAPERS_UDS_V0.4,s000096086,P6,96086,1.06,NaN,-
1221,CAPERS_UDS_V0.4,s000017303,P6,17303,1.09,1.10475,-
1222,CAPERS_UDS_V0.4,s000029255,P6,29255,1.12,NaN,-
1223,CAPERS_UDS_V0.4,s000091517,P6,91517,0.19,1.081673,-
1224,CAPERS_UDS_V0.4,s000107473,P6,107473,2.44,NaN,-
1225,CAPERS_UDS_V0.4,s000019849,P6,19849,1.39,NaN,-
1226,CAPERS_UDS_V0.4,s000028591,P6,28591,3.43,3.2,-
1227,CAPERS_UDS_V0.4,s000099343,P6,99343,2.29,2.17,-
1228,CAPERS_UDS_V0.4,s000021693,P6,21693,1.75,1.813902,-
1229,CAPERS_UDS_V0.4,s000027017,P6,27017,4.54,4.48,-
1230,CAPERS_UDS_V0.4,s000101220,P6,101220,5.2,5.22,-
1231,CAPERS_UDS_V0.4,s000031555,P6,31555,0.52,NaN,-
1232,CAPERS_UDS_V0.4,s000021299,P6,21299,1.12,1.52,-
1233,CAPERS_UDS_V0.4,s000109206,P6,109206,0.16,NaN,-
1234,CAPERS_UDS_V0.4,s000099626,P6,99626,0.19,0.111658,-
1235,CAPERS_UDS_V0.4,s000107956,P6,107956,2.41,2.41,-
1236,CAPERS_UDS_V0.4,s000100097,P6,100097,0.19,3.318525,-
1237,CAPERS_UDS_V0.4,s000029374,P6,29374,1.87,2.147987,-
1238,CAPERS_UDS_V0.4,s000092466,P6,92466,7.48,7.48,-
1239,CAPERS_UDS_V0.4,s000091908,P6,91908,7.9,8.280027,-
1240,CAPERS_UDS_V0.4,s000027872,P6,27872,3.43,3.46,-
1241,CAPERS_UDS_V0.4,s000088619,P6,88619,0.55,NaN,-
1242,CAPERS_UDS_V0.4,s000026473,P6,26473,0.97,NaN,-
1243,CAPERS_UDS_V0.4,s000106387,P6,106387,6.01,NaN,-
1244,CAPERS_UDS_V0.4,s000027099,P6,27099,0.82,0.775618,-
1245,CAPERS_UDS_V0.4,s000022028,P6,22028,2.47,2.47,-
1246,CAPERS_UDS_V0.4,s000019208,P6,19208,3.82,3.890776,-
1247,CAPERS_UDS_V0.4,s000030539,P6,30539,6.46,6.16,-
1248,CAPERS_UDS_V0.4,s000106710,P6,106710,0.01,2.232869,-
1249,CAPERS_UDS_V0.4,s000103782,P6,103782,6.31,NaN,-
1250,CAPERS_UDS_V0.4,s000019132,P6,19132,1.09,1.101485,-
1251,CAPERS_UDS_V0.4,s000094471,P6,94471,2.29,1.930561,-
1252,CAPERS_UDS_V0.4,s000027175,P6,27175,0.19,1.452761,-
1253,CAPERS_UDS_V0.4,s000025134,P6,25134,1.72,1.877686,-
1254,CAPERS_UDS_V0.4,s000027823,P6,27823,1.66,1.667342,-
1255,CAPERS_UDS_V0.4,s000018175,P6,18175,1.75,1.953181,-
1256,CAPERS_UDS_V0.4,s000111527,P6,111527,2.32,NaN,-
1257,CAPERS_UDS_V0.4,s000026367,P6,26367,0.91,0.92,-
1258,CAPERS_UDS_V0.4,s000090307,P6,90307,0.22,3.021981,-
1259,CAPERS_UDS_V0.4,s000027623,P6,27623,2.83,2.79,-
1260,CAPERS_UDS_V0.4,s000020674,P6,20674,1.54,2.489998,-
1261,CAPERS_UDS_V0.4,s000095715,P6,95715,0.4,3.252932,-
1262,CAPERS_UDS_V0.4,s000106218,P6,106218,1.24,1.994723,-
1263,CAPERS_UDS_V0.4,s000110395,P6,110395,2.26,2.421178,-
1264,CAPERS_UDS_V0.4,s000020360,P6,20360,1.45,1.423111,-
1265,CAPERS_UDS_V0.4,s000098360,P6,98360,9.19,9.040889,-
1266,CAPERS_UDS_V0.4,s000030709,P6,30709,1.57,1.86,-
1267,CAPERS_UDS_V0.4,s000111356,P6,111356,2.26,1.76,-
1268,CAPERS_UDS_V0.4,s000103061,P6,103061,0.94,1.430716,-
1269,CAPERS_UDS_V0.4,s000107130,P6,107130,1.06,NaN,-
1270,CAPERS_UDS_V0.4,s000019895,P6,19895,2.5,2.78,-
1271,CAPERS_UDS_V0.4,s000029648,P6,29648,3.43,3.32,-
1272,CAPERS_UDS_V0.4,s000093612,P6,93612,4.9,NaN,-
1273,CAPERS_UDS_V0.4,s000019515,P6,19515,2.8,2.686063,-
1274,CAPERS_UDS_V0.4,s000027210,P6,27210,2.02,1.379773,-
1275,CAPERS_UDS_V0.4,s000109907,P6,109907,2.29,NaN,-
1276,CAPERS_UDS_V0.4,s000104239,P6,104239,1.39,1.42609,-
1277,CAPERS_UDS_V0.4,s000157863,P6,157863,6.25,NaN,-
1278,CAPERS_UDS_V0.4,s000027929,P6,27929,0.94,NaN,-
1279,CAPERS_UDS_V0.4,s000105915,P6,105915,0.01,1.043983,-
1280,CAPERS_UDS_V0.4,s000108772,P6,108772,5.11,NaN,-
1281,CAPERS_UDS_V0.4,s000092815,P6,92815,14.2,NaN,-
1282,CAPERS_UDS_V0.4,s000027766,P6,27766,1.99,2.085407,-
1283,CAPERS_UDS_V0.4,s000096334,P6,96334,9.04,9.608655,-
1284,CAPERS_UDS_V0.4,s000021733,P6,21733,4.03,3.81,-
1285,CAPERS_UDS_V0.4,s000098970,P6,98970,2.29,NaN,-
1286,CAPERS_UDS_V0.4,s000109292,P6,109292,0.19,2.153699,miss-placed trace (lines in absorption)
1287,CAPERS_UDS_V0.4,s000100762,P6,100762,4.72,NaN,-
1288,CAPERS_UDS_V0.4,s000089759,P6,89759,4.24,3.869231,-
1289,CAPERS_UDS_V0.4,s000106920,P6,106920,1.27,NaN,-
1290,CAPERS_UDS_V0.4,s000021941,P6,21941,0.97,3.084581,Background object at z= 3.085
1291,CAPERS_UDS_V0.4,s000094325,P6,94325,0.46,0.888956,-
1292,CAPERS_UDS_V0.4,s000029205,P6,29205,3.88,3.8,-
1293,CAPERS_UDS_V0.4,s000027767,P6,27767,2.44,2.38,-
1294,CAPERS_UDS_V0.4,s000021898,P6,21898,0.67,0.797981,-
1295,CAPERS_UDS_V0.4,s000023353,P6,23353,0.46,0.46,-
1296,CAPERS_UDS_V0.4,s000097995,P6,97995,6.1,5.116068,-
1297,CAPERS_UDS_V0.4,s000022930,P6,22930,4.27,3.977816,-
1298,CAPERS_UDS_V0.4,s000106455,P6,106455,5.53,5.656612,-
1299,CAPERS_UDS_V0.4,s000020725,P6,20725,2.32,NaN,-
1300,CAPERS_UDS_V0.4,s000114617,P6,114617,6.58,1.393641,-
1301,CAPERS_UDS_V0.4,s000022634,P6,22634,1.45,1.523009,-
1302,CAPERS_UDS_V0.4,s000099049,P6,99049,2.92,1.979019,background object at z=5.119
1303,CAPERS_UDS_V0.4,s000022834,P6,22834,0.01,NaN,-
1304,CAPERS_UDS_V0.4,s000022802,P6,22802,6.64,6.16,-
1305,CAPERS_UDS_V0.4,s000110154,P6,110154,0.34,NaN,-
1306,CAPERS_UDS_V0.4,s000109342,P6,109342,2.53,NaN,-
1307,CAPERS_UDS_V0.4,s000028947,P6,28947,2.65,2.542076,-
1308,CAPERS_UDS_V0.4,s000028683,P6,28683,1.45,1.381987,-
1309,CAPERS_UDS_V0.4,s000114667,P6,114667,4.21,NaN,-
1310,CAPERS_UDS_V0.4,s000108809,P6,108809,4.12,3.92,-
1311,CAPERS_UDS_V0.4,s000093940,P6,93940,0.19,NaN,-
1312,CAPERS_UDS_V0.4,s000093206,P6,93206,0.46,1.140008,-
1313,CAPERS_UDS_V0.4,s000099485,P6,99485,6.67,5.64,-
1314,CAPERS_UDS_V0.4,s000105709,P6,105709,2.71,NaN,-
1315,CAPERS_UDS_V0.4,s000094962,P6,94962,2.65,NaN,-
1316,CAPERS_UDS_V0.4,s000099564,P6,99564,4.39,NaN,-
1317,CAPERS_UDS_V0.4,s000019892,P6,19892,2.35,2.80352,-
1318,CAPERS_UDS_V0.4,s000110033,P6,110033,0.28,0.200824,-
1319,CAPERS_UDS_V0.4,s000019876,P6,19876,6.58,6.07,-
1320,CAPERS_UDS_V0.4,s000023881,P6,23881,1.39,1.441531,-
1321,CAPERS_UDS_V0.4,s000027365,P6,27365,1.06,2.491177,-
1322,CAPERS_UDS_V0.4,s000027397,P6,27397,2.59,2.624432,-
1323,CAPERS_UDS_V0.4,s000030112,P6,30112,5.38,5.219135,-
1324,CAPERS_UDS_V0.4,s000020916,P6,20916,2.29,2.308401,-
1325,CAPERS_UDS_V0.4,s000020329,P6,20329,0.97,0.82301,-
1326,CAPERS_UDS_V0.4,s000098040,P6,98040,0.04,NaN,-
1327,CAPERS_UDS_V0.4,s000029457,P6,29457,0.31,3.201778,-
1328,CAPERS_UDS_V0.4,s000017046,P6,17046,1.6,NaN,-
1329,CAPERS_UDS_V0.4,s000023745,P6,23745,2.8,2.991284,-
1330,CAPERS_UDS_V0.4,s000028210,P6,28210,1.27,2.240397,-
1331,CAPERS_UDS_V0.4,s000022395,P6,22395,0.46,0.583847,-
1332,CAPERS_UDS_V0.4,s000020526,P6,20526,0.58,0.667264,-
1333,CAPERS_UDS_V0.4,s000114928,P6,114928,4.06,4.14,-
1334,CAPERS_UDS_V0.4,s000090268,P6,90268,4.18,3.98,-
1335,CAPERS_UDS_V0.4,s000103532,P6,103532,0.97,NaN,-
1336,CAPERS_UDS_V0.4,s000028316,P6,28316,2.08,2.08,-
1337,CAPERS_UDS_V0.4,s000028364,P6,28364,2.26,2.22,-
1338,CAPERS_UDS_V0.4,s000111894,P6,111894,0.79,NaN,-
1339,CAPERS_UDS_V0.4,s000109484,P6,109484,0.19,NaN,-
1340,CAPERS_UDS_V0.4,s000110346,P6,110346,2.89,NaN,-
1341,CAPERS_UDS_V0.4,s000022540,P6,22540,1.33,1.351776,-
1342,CAPERS_UDS_V0.4,s000025004,P6,25004,3.82,3.94,-
1343,CAPERS_UDS_V0.4,s000023667,P6,23667,0.19,2.759845,-
1344,CAPERS_UDS_V0.4,s000097425,P6,97425,6.43,8.032845,-
1345,CAPERS_UDS_V0.4,s000105333,P6,105333,2.47,1.655278,-
1346,CAPERS_UDS_V0.4,s000095929,P6,95929,1.24,NaN,-
1347,CAPERS_UDS_V0.4,s000103092,P6,103092,0.94,1.428729,-
1348,CAPERS_UDS_V0.4,s000023922,P6,23922,2.14,2.16,-
1349,CAPERS_UDS_V0.4,s000027824,P6,27824,1.03,0.995148,-
1350,CAPERS_UDS_V0.4,s000029808,P6,29808,1.99,1.418581,-
1351,CAPERS_UDS_V0.4,s000105267,P6,105267,4.87,4.723836,-
1352,CAPERS_UDS_V0.4,s000029430,P6,29430,1.18,NaN,-
1353,CAPERS_UDS_V0.4,s000026094,P6,26094,1.3,NaN,-
1354,CAPERS_UDS_V0.4,s000106552,P6,106552,0.01,1.994545,-
1355,CAPERS_UDS_V0.4,s000116804,P6,116804,4.72,NaN,-
1356,CAPERS_UDS_V0.4,s000022929,P6,22929,0.94,1.02,-
1357,CAPERS_UDS_V0.4,s000094301,P6,94301,4.87,5.04,-
1358,CAPERS_UDS_V0.4,s000104041,P6,104041,0.88,NaN,-
1359,CAPERS_UDS_V0.4,s000021190,P6,21190,2.29,2.224167,-
1360,CAPERS_UDS_V0.4,s000097130,P6,97130,2.62,2.479089,-
1361,CAPERS_UDS_V0.4,s000106254,P6,106254,1.24,1.529024,-
1362,CAPERS_UDS_V0.4,s000024793,P6,24793,1.09,1.311434,-
1363,CAPERS_UDS_V0.4,s000109065,P6,109065,3.76,3.69,-
1364,CAPERS_UDS_V0.4,s000026931,P6,26931,0.31,3.06,-
1365,CAPERS_UDS_V0.4,s000103398,P6,103398,1.24,NaN,-
1366,CAPERS_UDS_V0.4,s000116609,P6,116609,0.13,2.66591,-
1367,CAPERS_UDS_V0.4,s000028669,P6,28669,3.76,3.55,-
1368,CAPERS_UDS_V0.4,s000107850,P6,107850,0.13,NaN,-
1369,CAPERS_UDS_V0.4,s000020766,P6,20766,1.09,NaN,-
1370,CAPERS_UDS_V0.4,s000027944,P6,27944,1.09,NaN,-
1371,CAPERS_UDS_V0.4,s000019454,P6,19454,1.96,2.180489,-
1372,CAPERS_UDS_V0.4,s000114575,P6,114575,2.29,2.336973,-
1373,CAPERS_UDS_V0.4,s000108023,P6,108023,0.97,NaN,-
1374,CAPERS_UDS_V0.4,s000091332,P6,91332,1.42,NaN,-
1375,CAPERS_UDS_V0.4,s000105205,P6,105205,3.73,4.06,-
1376,CAPERS_UDS_V0.4,s000027641,P6,27641,2.08,2.12,-
1377,CAPERS_UDS_V0.4,s000093852,P6,93852,0.28,NaN,-
1378,CAPERS_UDS_V0.4,s000028966,P6,28966,1.12,1.074881,-
1379,CAPERS_UDS_V0.4,s000092716,P6,92716,0.91,NaN,-
1380,CAPERS_UDS_V0.4,s000022004,P6,22004,2.32,2.66503,-
1381,CAPERS_UDS_V0.4,s000019000,P6,19000,1.81,1.843491,-
1382,CAPERS_UDS_V0.4,s000027016,P6,27016,0.91,NaN,maybe inverted continuum (one unrecognized line)
1383,CAPERS_UDS_V0.4,s000107146,P6,107146,0.19,1.02407,-
1384,CAPERS_UDS_V0.4,s000102147,P6,102147,2.29,2.28,-
1385,CAPERS_UDS_V0.4,s000017315,P6,17315,1.12,1.194265,-
1386,CAPERS_UDS_V0.4,s000023219,P6,23219,0.88,0.914247,-
1387,CAPERS_UDS_V0.4,s000105040,P6,105040,1.36,NaN,-
1388,CAPERS_UDS_V0.4,s000022379,P6,22379,2.29,2.161916,-
1389,CAPERS_UDS_V0.4,s000107036,P6,107036,0.28,NaN,-
1390,CAPERS_UDS_V0.4,s000020895,P6,20895,1.99,2.180154,-
1391,CAPERS_UDS_V0.4,s000110651,P6,110651,1.57,1.62,-
1392,CAPERS_UDS_V0.4,s000094154,P6,94154,0.97,NaN,-
1393,CAPERS_UDS_V0.4,s000022367,P6,22367,1.69,1.960307,-
1394,CAPERS_UDS_V0.4,s000090145,P6,90145,5.11,5.208607,-
1395,CAPERS_UDS_V0.4,s000090834,P6,90834,0.97,4.44098,-
1396,CAPERS_UDS_V0.4,s000020093,P6,20093,3.79,3.66,-
1397,CAPERS_UDS_V0.4,s000028664,P6,28664,2.29,NaN,-
1398,CAPERS_UDS_V0.4,s000028470,P6,28470,2.26,2.308722,-
1399,CAPERS_UDS_V0.4,s000095184,P6,95184,3.67,3.5,-
1400,CAPERS_UDS_V0.4,s000027650,P6,27650,2.26,2.151772,-
1401,CAPERS_UDS_V0.4,s000113228,P6,113228,2.29,NaN,-
1402,CAPERS_UDS_V0.4,s000029884,P6,29884,0.94,0.916139,-
1403,CAPERS_UDS_V0.4,s000094681,P6,94681,0.85,NaN,-
1404,CAPERS_UDS_V0.4,s000108986,P6,108986,2.5,2.718008,-
1405,CAPERS_UDS_V0.4,s000109030,P6,109030,0.58,3.21352,Maybe miss-placed traced: lines in absorption at z = 3.214?
1406,CAPERS_UDS_V0.4,s000094051,P6,94051,4.12,4.596749,-
1407,CAPERS_UDS_V0.4,s000117635,P6,117635,4.75,4.9,-
1408,CAPERS_UDS_V0.4,s000092380,P6,92380,4.84,4.122852,miss-placed trace (lines in absorption)
1409,CAPERS_UDS_V0.4,s000092718,P6,92718,1.84,2.251699,-
1410,CAPERS_UDS_V0.4,s000105751,P6,105751,1.09,NaN,-
1411,CAPERS_UDS_V0.4,s000027566,P6,27566,2.62,2.581509,maybe background object at z=2.879
1412,CAPERS_UDS_V0.4,s000018892,P6,18892,1.0,NaN,-
1413,CAPERS_UDS_V0.4,s000021394,P6,21394,1.69,1.651493,-
1414,CAPERS_UDS_V0.4,s000112043,P6,112043,6.46,6.07,-
1415,CAPERS_UDS_V0.4,s000089864,P6,89864,5.98,NaN,-
1416,CAPERS_UDS_V0.4,s000029908,P6,29908,1.69,8.3,-
1417,CAPERS_UDS_V0.4,s000097894,P6,97894,3.13,3.13,-
1418,CAPERS_UDS_V0.4,s000108804,P6,108804,0.13,NaN,-
1419,CAPERS_UDS_V0.4,s000114998,P6,114998,3.28,NaN,-
1420,CAPERS_UDS_V0.4,s000020283,P6,20283,4.27,4.12,-
1421,CAPERS_UDS_V0.4,s000027399,P6,27399,1.15,NaN,-
1422,CAPERS_UDS_V0.4,s000105259,P6,105259,0.16,2.59,-
1423,CAPERS_UDS_V0.4,s000093013,P6,93013,1.54,NaN,-
1424,CAPERS_UDS_V0.4,s000092450,P6,92450,4.09,4.12,-
1425,CAPERS_UDS_V0.4,s000115752,P6,115752,4.27,4.14,-
1426,CAPERS_UDS_V0.4,s000108835,P6,108835,0.13,NaN,-
1427,CAPERS_UDS_V0.4,s000022091,P6,22091,0.16,NaN,-
1428,CAPERS_UDS_V0.4,s000112734,P6,112734,5.17,5.11,-
1429,CAPERS_UDS_V0.4,s000016685,P6,16685,4.75,4.7,-
1430,CAPERS_UDS_V0.4,s000022532,P6,22532,1.45,1.44,-
1431,CAPERS_UDS_V0.4,s000098342,P6,98342,0.85,NaN,-
1432,CAPERS_UDS_V0.4,s000111289,P6,111289,6.91,NaN,-
1433,CAPERS_UDS_V0.4,s000026298,P6,26298,2.02,1.658833,-
1434,CAPERS_UDS_V0.4,s000111344,P6,111344,6.64,6.09,-
1435,CAPERS_UDS_V0.4,s000097359,P6,97359,5.2,5.22,-
1436,CAPERS_UDS_V0.4,s000110301,P6,110301,6.85,NaN,-
1437,CAPERS_UDS_V0.4,s000095796,P6,95796,10.42,8.28,-
1438,CAPERS_UDS_V0.4,s000026823,P6,26823,0.67,0.67,-
1439,CAPERS_UDS_V0.4,s000097848,P6,97848,4.09,3.98,-
1440,CAPERS_UDS_V0.4,s000026452,P6,26452,0.16,4.14,-
1441,CAPERS_UDS_V0.4,s000111893,P6,111893,12.76,12.69583,-
1442,CAPERS_UDS_V0.4,s000021893,P6,21893,0.88,0.831616,-
1443,CAPERS_UDS_V0.4,s000021743,P6,21743,3.01,3.08,-
1444,CAPERS_UDS_V0.4,s000022365,P6,22365,5.41,5.24,-
1445,CAPERS_UDS_V0.4,s000110924,P6,110924,4.69,2.329907,-
1446,CAPERS_UDS_V0.4,s000116932,P6,116932,1.18,NaN,-
1447,CAPERS_UDS_V0.4,s000108947,P6,108947,6.58,5.69,-
1448,CAPERS_UDS_V0.4,s000017922,P6,17922,1.33,2.306892,-
1449,CAPERS_UDS_V0.4,s000109060,P6,109060,2.29,2.324253,-
1450,CAPERS_UDS_V0.4,s000108665,P6,108665,0.67,NaN,-
1451,CAPERS_UDS_V0.4,s000024437,P6,24437,2.44,NaN,-
1452,CAPERS_UDS_V0.4,s000110994,P6,110994,0.37,NaN,-
1453,CAPERS_UDS_V0.4,s000020636,P6,20636,0.67,0.697339,-
1454,CAPERS_UDS_V0.4,s000102083,P6,102083,1.84,2.350956,-
1455,CAPERS_UDS_V0.4,s000099168,P6,99168,1.57,NaN,-
1456,CAPERS_UDS_V0.4,s000098071,P6,98071,2.44,NaN,-
1457,CAPERS_UDS_V0.4,s000111543,P6,111543,0.79,4.08,-
1458,CAPERS_UDS_V0.4,s000094789,P6,94789,1.54,NaN,-
1459,CAPERS_UDS_V0.4,s000029256,P6,29256,0.85,0.82,-
1460,CAPERS_UDS_V0.4,s000094690,P6,94690,0.7,NaN,-
1461,CAPERS_UDS_V0.4,s000022665,P6,22665,0.61,0.657075,-
1462,CAPERS_UDS_V0.4,s000027996,P6,27996,2.08,2.20198,-
1463,CAPERS_UDS_V0.4,s000113357,P6,113357,3.97,3.98,-
1464,CAPERS_UDS_V0.4,s000019177,P6,19177,1.54,NaN,-
1465,CAPERS_UDS_V0.4,s000028495,P6,28495,1.09,NaN,-
1466,CAPERS_UDS_V0.4,s000101857,P6,101857,5.17,5.15,-
1467,CAPERS_UDS_V0.4,s000109643,P6,109643,0.1,2.221758,miss-placed trace (lines in absorption)
1468,CAPERS_UDS_V0.4,s000023906,P6,23906,1.0,NaN,-
1469,CAPERS_UDS_V0.4,s000097098,P6,97098,0.7,2.616986,-
1470,CAPERS_UDS_V0.4,s000017238,P6,17238,0.01,NaN,-
1471,CAPERS_UDS_V0.4,s000095999,P6,95999,6.67,5.970892,-
1472,CAPERS_UDS_V0.4,s000096595,P6,96595,4.93,NaN,-
1473,CAPERS_UDS_V0.4,s000027737,P6,27737,2.77,2.744654,-
1474,CAPERS_UDS_V0.4,s000110756,P6,110756,1.75,2.46,-
1475,CAPERS_UDS_V0.4,s000022696,P6,22696,1.39,NaN,-
1476,CAPERS_UDS_V0.4,s000109450,P6,109450,3.4,3.226153,-
1477,CAPERS_UDS_V0.4,s000157520,P6,157520,2.59,3.192865,-
1478,CAPERS_UDS_V0.4,s000026355,P6,26355,5.17,5.12154,-
1479,CAPERS_UDS_V0.4,s000090235,P6,90235,5.17,5.210427,-
1480,CAPERS_UDS_V0.4,s000020671,P6,20671,1.9,1.97826,-
1481,CAPERS_UDS_V0.4,s000022370,P6,22370,0.94,0.912134,-
1482,CAPERS_UDS_V0.4,s000108930,P6,108930,0.67,NaN,-
1483,CAPERS_UDS_V0.4,s000023294,P6,23294,2.23,2.33,-
1484,CAPERS_UDS_V0.4,s000020218,P6,20218,2.65,2.8,-
1485,CAPERS_UDS_V0.4,s000017630,P6,17630,0.88,0.897403,-
1486,CAPERS_UDS_V0.4,s000099273,P6,99273,5.47,5.4,-
1487,CAPERS_UDS_V0.4,s000018879,P6,18879,1.69,1.276988,-
1488,CAPERS_UDS_V0.4,s000022285,P6,22285,3.58,3.60654,-
1489,CAPERS_UDS_V0.4,s000109327,P6,109327,3.73,NaN,-
1490,CAPERS_UDS_V0.4,s000019457,P6,19457,2.71,2.66,-
1491,CAPERS_UDS_V0.4,s000101428,P6,101428,0.19,2.66,-
1492,CAPERS_UDS_V0.4,s000090531,P6,90531,5.2,5.210472,-
1493,CAPERS_UDS_V0.4,s000028320,P6,28320,5.2,5.22,-
1494,CAPERS_UDS_V0.4,s000093890,P6,93890,3.34,3.199231,-
1495,CAPERS_UDS_V0.4,s000020090,P6,20090,1.06,0.943916,-
1496,CAPERS_UDS_V0.4,s000027526,P6,27526,4.33,4.29,-
1497,CAPERS_UDS_V0.4,s000116085,P6,116085,0.22,2.143754,-
1498,CAPERS_UDS_V0.4,s000094387,P6,94387,2.29,2.233879,-
1499,CAPERS_UDS_V0.4,s000021431,P6,21431,2.02,2.16,-
1500,CAPERS_UDS_V0.4,s000021376,P6,21376,0.67,NaN,-
1501,CAPERS_UDS_V0.4,s000019570,P6,19570,0.55,0.569308,-
1502,CAPERS_UDS_V0.4,s000105631,P6,105631,0.25,5.24,-
1503,CAPERS_UDS_V0.4,s000108783,P6,108783,8.5,NaN,-
1504,CAPERS_UDS_V0.4,s000108266,P6,108266,2.29,2.3264,-
1505,CAPERS_UDS_V0.4,s000108569,P6,108569,11.92,3.127862,-
1506,CAPERS_UDS_V0.4,s000025821,P6,25821,1.9,1.85,-
1507,CAPERS_UDS_V0.4,s000108298,P6,108298,1.42,NaN,-
1508,CAPERS_UDS_V0.4,s000105613,P6,105613,4.96,5.250127,-
1509,CAPERS_UDS_V0.4,s000022109,P6,22109,1.27,NaN,-
1510,CAPERS_UDS_V0.4,s000093741,P6,93741,4.6,5.22,-
1511,CAPERS_UDS_V0.4,s000026859,P6,26859,1.06,NaN,-
1512,CAPERS_UDS_V0.4,s000030680,P6,30680,1.51,NaN,-
1513,CAPERS_UDS_V0.4,s000022610,P6,22610,1.33,2.229141,-
1514,CAPERS_UDS_V0.4,s000025512,P6,25512,2.29,2.16,-
1515,CAPERS_UDS_V0.4,s000019439,P6,19439,3.1,3.19,-
1516,CAPERS_UDS_V0.4,s000107327,P6,107327,0.31,NaN,-
1517,CAPERS_UDS_V0.4,s000092951,P6,92951,2.92,NaN,-
1518,CAPERS_UDS_V0.4,s000021710,P6,21710,3.1,3.18648,-
1519,CAPERS_UDS_V0.4,s000112538,P6,112538,4.33,NaN,-
1520,CAPERS_UDS_V0.4,s000111291,P6,111291,1.36,NaN,-
1521,CAPERS_UDS_V0.4,s000099658,P6,99658,0.76,NaN,-
1522,CAPERS_UDS_V0.4,s000022400,P6,22400,0.67,0.642885,-
1523,CAPERS_UDS_V0.4,s000021318,P6,21318,1.9,NaN,-
1524,CAPERS_UDS_V0.4,s000098556,P6,98556,0.79,NaN,-
1525,CAPERS_UDS_V0.4,s000115466,P6,115466,7.03,6.99841,-
1526,CAPERS_UDS_V0.4,s000028435,P6,28435,2.02,1.596345,-
1527,CAPERS_UDS_V0.4,s000020581,P6,20581,0.82,0.750107,-
1528,CAPERS_UDS_V0.4,s000022512,P6,22512,0.64,NaN,-
1529,CAPERS_UDS_V0.4,s000108712,P6,108712,0.01,NaN,-
1530,CAPERS_UDS_V0.4,s000021572,P6,21572,0.13,0.781323,-
1531,CAPERS_UDS_V0.4,s000102826,P6,102826,0.94,NaN,-
1532,CAPERS_UDS_V0.4,s000098919,P6,98919,0.01,NaN,-
1533,CAPERS_UDS_V0.4,s000101651,P6,101651,11.74,NaN,-
1534,CAPERS_UDS_V0.4,s000026945,P6,26945,1.21,NaN,-
1535,CAPERS_UDS_V0.4,s000103521,P6,103521,2.29,1.6523,-
1536,CAPERS_UDS_V0.4,s000095234,P6,95234,6.22,5.23,-
1537,CAPERS_UDS_V0.4,s000107601,P6,107601,0.01,NaN,-
1538,CAPERS_UDS_V0.4,s000093593,P6,93593,1.09,NaN,-
1539,CAPERS_UDS_V0.4,s000024341,P6,24341,1.06,NaN,-
1540,CAPERS_UDS_V0.4,s000030954,P6,30954,3.43,3.488816,-
1541,CAPERS_UDS_V0.4,s000018853,P6,18853,2.17,2.18094,-
1542,CAPERS_UDS_V0.4,s000096660,P6,96660,3.01,2.565397,-
1543,CAPERS_UDS_V0.4,s000095360,P6,95360,4.57,4.42,-
