id,best.universe.redshift
156,4.9
187,2.67
227,2.33
360,3.38
401,4.9
659,1.86
705,1.9000000000000001
915,2.4
948,0.9500000000000001
1008,0.54
1034,6.53
1144,2.4
1170,0.0
1216,4.34
1316,2.62
1334,4.48
1417,0.8300000000000001
1430,4.6000000000000005
1526,1.36
1542,2.17
1593,0.64
1644,2.94
1699,2.66
1738,3.49
1748,5.16
1831,2.45
1832,0.0
1866,1.6300000000000001
1898,1.35
1906,4.87
1937,1.03
1952,4.89
1999,3.7
2006,1.22
2061,3.95
2100,1.04
2112,1.78
2145,8.3
2152,1.03
2153,2.3000000000000003
2161,4.9
2244,4.89
2294,2.4
2345,1.8
2404,1.43
2423,1.09
2503,0.98
2511,0.99
2524,6.32
2555,3.96
2588,1.21
2658,5.1000000000000005
2683,2.16
2715,3.73
2773,1.06
2799,3.77
2809,3.48
2860,2.34
2867,3.72
2888,2.95
2932,0.61
2939,2.0100000000000002
2948,10.98
2965,5.08
3010,2.88
3024,3.47
3040,4.7
3044,8.8
3066,2.94
3070,4.21
3093,1.8800000000000001
3105,2.16
3113,2.99
3121,0.45
3127,2.35
3143,1.09
3144,0.66
3152,3.2600000000000002
3167,1.21
3228,1.02
3253,1.85
3261,2.79
3270,2.94
3305,1.11
3315,3.45
3385,0.38
3415,2.29
3439,2.72
3481,0.35000000000000003
3505,3.3000000000000003
3513,19.71
3514,4.59
3531,2.5
3547,1.6300000000000001
3570,1.99
3577,4.6000000000000005
3578,1.1
3583,2.29
3617,5.71
3662,3.43
3709,3.6
3751,0.41000000000000003
3760,4.5200000000000005
3769,1.3900000000000001
3879,2.98
3886,1.1300000000000001
3937,1.24
3958,1.35
3987,5.78
4014,6.67
4029,0.98
4165,5.12
4186,0.39
4208,0.04
4264,2.37
4300,2.57
4347,8.790000000000001
4353,3.21
4367,1.03
4371,2.98
4373,3.91
4393,1.72
4399,4.72
4407,0.99
4413,4.63
4427,2.7
4451,4.89
4452,0.93
4469,1.03
4471,3.0700000000000003
4503,10.52
4521,0.0
4595,4.28
4625,3.34
4652,0.0
4663,1.86
4670,1.24
4671,2.5100000000000002
4675,1.06
4704,2.0100000000000002
4927,3.88
4942,3.41
4984,2.98
5346,3.46
5364,1.37
5370,3.45
5496,1.6600000000000001
5497,5.17
5500,1.6
5515,3.22
5528,4.57
5536,5.44
5717,1.27
5737,2.07
5743,5.82
5744,6.47
5791,2.23
5818,3.75
5823,1.16
5833,1.18
5834,5.13
5872,2.4
5927,4.63
6009,5.08
6056,7.41
6073,2.94
6079,2.94
6080,2.19
6171,0.15
6174,5.28
6177,1.86
6214,0.0
6216,0.4
6234,4.8100000000000005
6290,1.72
6306,1.6300000000000001
6458,1.75
6466,3.64
6499,2.2600000000000002
6527,0.0
6580,4.49
6665,2.13
6673,5.2700000000000005
6691,9.16
6711,4.76
6717,2.32
6802,2.93
6813,3.02
6838,2.64
6988,1.76
7007,4.89
7011,0.31
7015,5.28
7045,3.43
7061,5.3
7083,1.23
7090,4.36
7124,0.46
7127,0.0
7132,1.9100000000000001
7143,2.49
7184,0.97
7205,2.45
7238,1.24
7261,0.73
7273,2.93
7303,5.05
7314,3.21
7330,0.31
7401,0.0
7423,2.6
7447,1.82
7448,3.39
7453,1.6
7456,3.77
7467,0.0
7494,3.39
7498,4.48
7545,4.29
7575,1.07
7582,5.71
7611,0.73
7631,1.51
7636,2.31
7648,1.93
7665,3.44
7722,3.21
7761,3.87
7768,1.2
7771,4.49
7786,1.53
7806,3.45
7816,3.9
7837,1.72
7891,2.7600000000000002
7907,1.27
7914,1.8900000000000001
7922,0.43
7937,2.38
7988,0.28
7992,3.24
8006,2.1
8030,3.5
8035,2.58
8041,0.3
8058,2.3000000000000003
8059,4.47
8117,2.46
8140,1.67
8143,5.28
8172,1.42
8218,4.96
8227,0.0
8321,2.81
8355,1.35
8374,4.48
8378,2.52
8402,6.05
8453,4.48
8458,1.08
8461,0.46
8467,3.27
8473,4.69
8485,0.0
8488,2.29
8490,2.04
8518,1.24
8551,3.33
8568,4.48
8598,0.45
8600,3.46
8618,3.83
8619,2.0100000000000002
8626,4.48
8633,1.1300000000000001
8642,1.82
8666,6.98
8672,1.8800000000000001
8700,3.6
8722,1.41
8731,1.27
8732,4.8100000000000005
8752,8.36
8762,1.86
8781,1.84
8782,6.71
8800,2.59
8812,2.02
8828,0.61
8844,5.98
8904,0.9500000000000001
8916,1.29
8918,3.88
8923,2.04
8945,3.96
8996,0.9
8997,1.05
9002,1.1300000000000001
9013,1.77
9014,2.65
9027,5.32
9028,5.3100000000000005
9056,3.64
9080,5.16
9093,2.02
9102,2.29
9107,5.3100000000000005
9117,3.63
9166,1.02
9191,1.27
9205,1.09
9234,4.78
9244,0.0
9253,3.0100000000000002
9300,1.42
9341,3.63
9364,2.08
9365,1.57
9427,2.16
9454,3.25
9473,4.84
9483,5.08
9503,6.21
9557,3.24
9572,2.83
9603,2.2800000000000002
9716,5.7700000000000005
9719,1.86
9736,1.83
9780,3.44
9783,2.36
9788,1.1
9855,4.2700000000000005
9872,1.73
9877,0.5
9890,0.0
9961,3.64
9964,2.09
9967,1.27
9976,1.82
9981,1.3900000000000001
10024,3.39
10033,2.3000000000000003
10060,3.62
10108,0.0
10133,0.71
10158,2.17
10181,1.6500000000000001
10186,1.98
10191,5.3100000000000005
10192,4.94
10198,2.24
10202,3.21
10203,4.5600000000000005
10205,1.27
10229,7.67
10240,1.05
10243,2.2800000000000002
10263,1.72
10292,6.8500000000000005
10299,2.63
10321,11.25
10323,2.41
10399,4.82
10403,0.54
10412,3.83
10416,3.49
10421,2.63
10429,4.28
10474,2.0300000000000002
10488,1.23
10492,2.41
10503,3.62
10511,1.95
10548,2.36
10552,1.17
10563,9.92
10597,1.53
10599,0.31
10602,2.65
10609,1.45
10616,1.54
10665,2.02
10700,2.16
10702,0.54
10711,0.92
10716,5.7
10736,3.44
10783,1.84
10827,1.05
10836,1.57
10859,3.24
10900,0.19
10901,0.73
10905,2.6
10918,3.83
10922,0.2
10956,0.8200000000000001
10987,5.3100000000000005
11005,2.17
11007,1.12
11043,1.07
11054,4.29
11055,2.98
11072,6.140000000000001
11112,3.45
11130,4.82
11133,1.9000000000000001
11149,1.67
11174,3.44
11237,5.94
11263,5.11
11272,1.23
11273,1.1500000000000001
11311,4.97
11320,0.0
11333,7.13
11335,2.09
11407,5.09
11420,6.3100000000000005
11421,6.1000000000000005
11439,4.8
11449,4.8
11467,4.3500000000000005
11538,1.02
11541,3.39
11553,0.35000000000000003
11580,2.75
11583,2.69
11584,3.5
11585,0.0
11598,3.1
11618,4.55
11655,3.21
11658,1.58
11721,1.86
11742,6.08
11779,4.65
11830,4.6000000000000005
11835,2.15
11844,1.9000000000000001
11877,3.2800000000000002
11893,2.19
11894,3.65
11898,1.54
11951,3.09
11960,3.35
11964,8.72
11968,4.36
11993,3.35
12007,1.92
12016,1.1
12062,3.34
12067,3.64
12074,2.19
12088,1.77
12104,0.46
12107,0.44
12118,1.1300000000000001
12120,2.56
12122,0.68
12175,0.67
12183,1.53
12221,6.18
12234,1.54
12277,2.97
12287,0.45
12295,2.16
12328,5.28
12331,5.2700000000000005
12333,1.52
12338,1.36
12346,3.88
12370,2.96
12396,3.44
12430,1.27
12448,5.1000000000000005
12503,3.49
12511,2.0100000000000002
12541,2.06
12555,3.31
12561,3.39
12577,4.1
12593,0.8200000000000001
12605,2.64
12630,5.1000000000000005
12636,3.12
12661,3.41
12675,1.22
12686,1.06
12734,3.2600000000000002
12737,1.87
12744,1.85
12808,3.44
12817,1.07
12830,2.12
12841,4.82
12853,5.7700000000000005
12854,0.5
12894,2.34
12951,1.83
12953,2.95
12955,3.3200000000000003
12962,0.6
13009,1.1500000000000001
13025,4.07
13027,1.98
13047,2.16
13070,2.39
13080,2.82
13161,1.85
13234,1.9100000000000001
13250,1.27
13276,5.28
13283,4.5600000000000005
13351,5.46
13368,2.02
13376,2.57
13410,3.23
13427,2.63
13431,1.29
13451,1.9100000000000001
13452,2.36
13460,1.6400000000000001
13493,3.11
13523,2.68
13547,2.46
13549,1.83
13579,1.85
13630,1.0
13647,0.81
13671,2.61
13672,1.47
13681,2.9
13693,3.85
13727,0.78
13740,1.53
13760,3.43
13789,0.96
13794,4.57
13796,7.7
13815,0.97
13818,0.63
13847,0.0
13893,1.25
13996,2.3000000000000003
14033,0.87
14065,0.67
14080,4.72
14122,2.0100000000000002
14147,2.14
14189,2.27
14257,4.83
14263,1.23
14274,1.11
14275,0.93
14282,2.29
14297,5.28
14304,2.29
14365,0.47000000000000003
14368,5.1000000000000005
14509,2.35
14539,4.3500000000000005
14745,3.66
14771,0.8
14814,0.84
14815,6.1000000000000005
14847,3.1
14848,3.5
14858,5.05
14862,1.1400000000000001
14880,4.99
14944,4.84
14948,3.47
14973,1.96
14990,0.67
15001,3.49
15019,1.6500000000000001
15033,1.1
15045,5.99
15050,1.54
15179,1.92
15190,5.28
15196,2.19
15226,4.84
15228,6.11
15250,0.5700000000000001
15279,1.85
15280,3.7600000000000002
15402,2.48
15405,0.85
15406,0.0
15408,0.97
15415,1.73
15416,1.95
15429,1.73
15471,1.86
15490,2.7
15496,3.44
15522,3.1
15526,0.5700000000000001
15540,2.91
15584,1.42
15618,1.2
15653,0.43
15660,4.16
15678,1.11
15692,0.51
15695,0.9400000000000001
15726,1.42
15732,2.05
15736,0.74
15762,2.56
15781,2.61
15782,3.58
15824,6.0600000000000005
15850,3.7600000000000002
15853,1.9100000000000001
15889,1.8
15910,2.34
15916,2.3000000000000003
15938,2.05
15941,0.97
16001,2.64
16009,3.22
16014,4.2700000000000005
16072,2.29
16079,2.22
16110,1.8
16111,3.31
16124,1.8
16145,1.35
16176,3.87
16179,1.42
16205,2.17
16206,2.35
16223,3.45
16244,1.04
16257,2.02
16282,4.3
16301,3.91
16332,3.22
16422,2.23
16435,1.57
16548,0.7000000000000001
16567,6.07
16577,4.28
16635,0.0
16675,3.39
16679,1.93
16721,2.4
16722,2.4
16756,5.96
16757,0.47000000000000003
16790,3.16
16796,4.89
16807,1.02
16846,1.79
16857,0.0
16897,4.57
16952,1.19
16994,3.6
17054,1.59
17074,1.61
17150,2.02
17151,1.6
17165,2.2800000000000002
17203,1.04
17234,1.82
17238,4.28
17310,3.0100000000000002
17311,1.6600000000000001
17312,4.88
17319,1.8
17400,2.34
17412,1.92
17437,2.9
17463,0.62
17519,1.93
17533,1.36
17538,0.0
17540,1.68
17542,2.3000000000000003
17614,2.24
17638,3.31
17668,2.04
17691,3.24
17705,3.11
17749,1.36
17792,1.3900000000000001
17832,4.3500000000000005
17833,3.7800000000000002
17889,3.0700000000000003
17899,0.37
17993,0.0
18049,0.31
18085,3.62
18119,2.04
18151,1.92
18152,4.41
18170,2.94
18202,3.35
18267,2.06
18311,1.02
18437,0.8
18438,2.06
18460,2.15
18474,1.41
18537,2.5100000000000002
18544,1.18
18552,1.97
18589,0.91
18614,1.72
18671,0.44
18706,2.2800000000000002
18760,2.3000000000000003
18842,6.7700000000000005
18853,2.62
18946,1.21
18963,0.96
18964,1.19
18979,2.91
19022,5.65
19055,4.89
19064,1.8
19077,1.21
19089,0.13
19113,3.43
19140,0.0
19162,1.45
19233,2.45
19266,2.63
19282,0.39
19292,2.31
19300,4.54
19301,0.63
19317,5.22
19318,4.46
19330,2.07
19346,6.19
19360,1.2
19394,6.17
19411,6.6000000000000005
19428,2.95
19470,2.09
19474,1.19
19482,2.65
19506,4.94
19507,0.0
19508,4.42
19597,0.5
19614,2.77
19622,2.19
19635,0.21
19642,0.8200000000000001
19648,1.98
19684,1.32
19689,5.12
19710,2.61
19749,1.93
19766,1.95
19827,0.09
19842,3.75
19850,6.86
19851,6.12
19891,1.25
19893,0.52
19911,3.25
19952,0.0
19962,0.71
19963,5.43
19991,1.19
19999,4.75
20004,1.36
20036,3.02
20048,2.16
20069,1.96
20097,0.0
20113,1.3800000000000001
20126,1.62
20140,5.51
20199,3.1
20217,3.0300000000000002
20257,4.07
20322,4.3500000000000005
20323,2.39
20330,0.0
20346,1.25
20348,2.36
20391,1.92
20427,3.09
20435,1.8800000000000001
20474,1.4000000000000001
20481,1.36
20487,0.62
20509,2.72
20512,2.07
20517,1.1500000000000001
20520,1.42
20643,2.61
20647,1.98
20687,3.67
20716,2.21
20735,1.31
20765,4.17
20786,1.18
20844,1.21
20856,2.3000000000000003
20924,1.85
20952,5.29
20981,2.19
21006,0.88
21085,1.98
21087,2.17
21094,1.02
21116,0.0
21119,2.86
21120,9.39
21137,5.68
21174,0.54
21179,0.09
21223,1.73
21230,2.37
21296,1.46
21328,1.98
21329,1.18
21365,3.33
21397,3.7800000000000002
21471,0.79
21559,0.0
21585,3.7800000000000002
21586,2.5100000000000002
21587,2.02
21590,5.24
21609,2.46
21614,1.6500000000000001
21756,2.08
21823,4.29
21878,2.17
21879,2.16
21888,1.37
21945,0.73
21975,5.86
21992,3.16
22068,1.2
22116,0.0
22127,1.98
22202,4.83
22216,4.8
22293,0.78
22358,5.05
22465,1.18
22479,2.5100000000000002
22500,5.21
22637,10.6
22643,1.54
22851,5.43
22902,4.38
22908,5.68
22982,4.89
23000,1.94
23007,5.01
23015,2.46
23076,4.99
23111,3.34
23145,5.25
23154,3.7800000000000002
23155,4.4
23160,3.18
23183,2.7
23290,4.89
23453,1.62
23458,2.19
23500,0.99
23503,1.54
23525,1.8
23553,2.31
23569,1.26
23701,1.72
23767,1.75
23810,4.73
23929,2.7
23961,5.76
23962,4.89
23968,5.43
24000,1.5
24097,4.66
24241,0.0
24579,1.8
24591,0.0
24642,1.73
24654,3.92
24705,1.78
24713,9.6
24745,0.0
24923,3.63
24959,0.58
25024,4.44
25036,0.88
25077,0.0
25200,3.44
25208,3.69
25297,9.94
25315,5.28
25485,3.7800000000000002
25646,2.19
25650,0.71
25682,2.04
25795,1.7
25806,1.21
25880,5.7
25929,2.16
25979,0.8200000000000001
26024,0.0
26169,1.46
26290,1.17
26385,3.44
26404,1.17
26405,2.3000000000000003
26408,6.68
26420,2.86
26472,0.66
26473,0.53
26551,3.44
26562,6.1000000000000005
26572,2.02
26837,0.5700000000000001
27040,4.89
27041,4.89
27192,1.98
27271,5.28
27545,2.9
27742,3.0100000000000002
27798,2.52
27927,2.09
27928,3.02
28232,0.0
28257,1.27
28303,3.34
28311,0.0
28370,2.31
28413,4.89
28461,1.8
28516,0.0
28565,1.08
28598,4.29
28655,3.67
28660,3.31
28725,1.21
28737,3.67
28923,1.3900000000000001
28966,0.54
29063,3.2800000000000002
29245,2.17
29246,2.14
29371,2.5500000000000003
29430,3.74
29495,5.39
29514,1.52
29519,0.92
29520,1.09
29536,0.07
29603,1.25
29728,2.07
29876,1.24
29895,1.4000000000000001
29968,3.64
29969,0.0
29982,2.87
30220,3.12
30381,1.49
30450,1.97
30591,1.73
33935,1.6400000000000001
34198,4.2700000000000005
34206,4.19
34272,1.29
34647,1.33
34819,6.19
35335,1.93
35442,3.7600000000000002
35496,4.82
35518,1.08
35755,6.24
36440,2.0
36441,4.83
36490,1.86
36651,6.19
36736,1.33
37007,3.7800000000000002
37018,1.95
37090,0.55
37889,1.98
37891,6.75
37895,1.37
37935,3.45
37971,4.5600000000000005
38014,7.18
38103,4.29
38164,1.79
38189,3.66
38296,5.8
38301,6.24
38596,4.08
38768,1.27
39121,4.65
39192,4.63
39316,4.0200000000000005
39534,4.3
39543,3.96
39641,2.07
40036,4.23
40037,0.53
40066,5.21
40133,1.4000000000000001
41162,0.99
41170,0.66
41342,1.68
41365,4.26
41778,5.25
41813,9.23
41871,4.73
41932,3.86
42125,6.12
42166,2.18
42451,4.3100000000000005
42566,4.51
42597,5.3
42841,7.07
42967,0.97
42985,4.65
43228,3.77
43399,0.52
43539,10.84
43593,4.12
43669,0.32
44405,3.63
44453,1.36
44535,3.41
44558,3.83
44827,5.24
44907,0.63
44933,1.6600000000000001
44970,2.65
45013,2.68
45072,0.54
45212,4.72
45430,4.49
45561,3.7600000000000002
45998,3.79
46097,3.8000000000000003
46191,2.33
46509,6.74
47073,0.96
47479,3.77
47737,0.19
47833,4.69
47938,3.73
47990,0.2
48259,5.67
48433,1.53
48567,4.76
48634,4.55
48663,4.07
48739,4.5
48787,4.66
48819,2.54
48851,1.3
48891,0.52
48921,1.02
48989,3.45
49059,1.76
49092,1.94
49231,0.67
49249,4.99
49254,5.26
49291,5.25
49325,3.47
49335,4.5
49425,1.61
49480,2.86
49620,1.73
49658,1.09
49719,3.13
49941,2.0300000000000002
49982,1.1300000000000001
50088,2.29
50251,5.68
50273,2.7
50348,5.0
50512,1.72
50533,1.95
50560,4.14
50626,2.31
50702,5.5200000000000005
50773,5.23
50797,3.42
50810,1.41
50820,4.3100000000000005
50847,0.3
51125,4.8100000000000005
51332,4.29
51510,5.12
51561,3.79
51584,3.63
51786,6.98
51794,2.43
51809,2.13
51861,7.08
51876,0.18
51915,4.29
52006,2.4
52162,0.28
52174,3.1
52229,3.77
52361,6.34
52614,2.18
52651,3.71
52765,0.27
52779,1.02
52793,2.23
52823,4.05
52864,1.35
52866,2.23
52892,2.06
52917,7.66
52995,4.9
53175,1.28
53262,1.79
53299,0.8200000000000001
53328,4.66
53335,3.34
53340,4.59
53344,2.48
53349,3.04
53483,3.48
53589,1.3
53624,1.6
53772,4.59
53781,2.94
53826,1.35
53828,5.68
53940,1.36
54042,2.58
54122,2.32
54152,2.22
54202,0.75
54203,0.78
54314,6.78
54332,0.55
54388,2.94
54480,5.67
54508,5.11
54597,2.09
54602,5.25
54657,3.94
54751,3.43
54804,5.0
54816,3.87
54833,10.370000000000001
54874,4.5200000000000005
54901,5.03
54942,1.55
55032,4.45
55162,1.3900000000000001
55254,0.93
55425,3.5300000000000002
55442,0.68
55469,0.71
55482,3.54
55539,1.95
55683,0.14
55783,5.74
55806,8.950000000000001
55859,5.11
55897,3.97
55945,1.3800000000000001
56055,5.21
56115,0.5700000000000001
56136,3.93
56238,5.6000000000000005
56433,6.55
56459,0.64
56519,2.1
56561,3.43
56569,1.79
56607,3.08
56761,2.62
56778,4.88
56787,1.37
56867,5.22
56904,1.12
56954,6.38
57038,2.42
57073,2.5
57144,3.23
57195,0.0
57316,6.17
57413,3.59
57511,2.42
57517,0.9500000000000001
57521,3.91
57540,3.45
57543,3.83
57561,1.87
57637,3.64
57700,4.41
57746,2.02
57813,0.04
57839,4.89
57899,1.97
57952,1.7
57972,3.64
57998,4.14
58008,3.24
58031,3.5700000000000003
58046,0.23
58057,0.87
58086,2.4
58090,1.01
58134,3.8000000000000003
58141,5.19
58186,5.21
58193,5.5200000000000005
58211,0.79
58265,8.01
58359,3.31
58465,0.35000000000000003
58479,1.97
58501,3.72
58524,4.23
58603,5.67
58614,1.79
58665,1.98
58707,6.55
58746,2.0300000000000002
58873,6.58
59031,4.48
59145,1.95
59153,4.24
59182,1.74
59237,1.6
59259,3.5100000000000002
59275,1.92
59294,5.92
59330,6.73
59350,2.5
59417,4.83
59620,0.41000000000000003
59687,8.72
59783,3.63
59921,2.77
60020,0.07
60093,4.34
60158,4.86
60287,3.8200000000000003
60313,2.18
60341,2.37
60351,7.83
60452,4.37
60595,6.45
60618,0.47000000000000003
60639,1.57
60645,5.25
60665,0.48
60688,0.24
60878,8.2
60924,5.79
61072,7.37
61077,5.53
61148,2.77
61226,8.88
61415,4.8500000000000005
61461,3.61
61614,4.88
61658,6.16
61688,6.98
61927,1.37
61937,0.76
61968,0.05
62069,8.8
62122,7.09
62138,1.12
62211,1.92
62321,2.54
62377,4.3500000000000005
62393,1.19
62484,6.28
62486,1.76
62611,0.59
62619,3.85
62624,0.62
62663,2.13
62672,5.7
62724,3.73
62837,3.89
62934,0.29
62981,0.28
63126,4.76
63135,2.9
63149,4.41
63161,3.77
63600,2.0
63626,1.17
63631,9.14
63688,5.75
63796,1.61
63805,2.0100000000000002
63853,1.92
63915,5.05
64008,3.61
64034,8.82
64049,0.0
64090,4.5
64193,3.69
64194,4.3100000000000005
64226,1.77
64230,2.0100000000000002
64484,4.84
64697,3.49
64758,1.8
64904,1.31
64979,4.29
65031,2.2
65039,4.29
65044,1.5
65168,2.35
65179,4.89
65235,3.46
65241,4.1
65277,2.2
65326,6.88
65341,1.6400000000000001
65480,12.6
65506,1.07
65591,5.82
65595,3.67
65663,1.95
65676,2.0
65789,0.31
65872,6.73
65916,0.0
65968,4.55
66011,4.8100000000000005
66064,4.3
66126,2.4
66503,3.2800000000000002
66616,3.94
66689,0.01
66718,4.63
66727,4.03
66748,4.89
66894,1.49
67109,1.53
67177,3.0100000000000002
67312,1.16
67663,3.19
67719,0.75
67844,6.96
67959,3.43
68009,7.58
68263,0.07
68315,1.8
68502,3.9
68507,0.38
68690,3.71
68836,3.75
68978,3.77
69079,5.3
69124,0.05
69334,1.6400000000000001
69382,4.05
69432,1.79
69542,4.39
69627,1.74
69630,3.39
69674,1.78
69766,4.34
69818,4.42
69935,1.31
69966,4.32
70063,1.69
70084,5.74
70125,4.43
70335,3.43
70587,4.24
70703,3.2800000000000002
70742,2.77
70749,5.73
71003,0.56
71106,3.88
71234,0.81
71268,1.6400000000000001
71404,5.08
71407,4.11
71465,2.79
71503,3.77
71656,0.2
71664,4.63
71924,4.9
72082,7.34
72095,0.03
72463,3.33
72510,3.44
72604,4.49
72681,6.12
72786,2.21
72852,1.83
72882,1.28
72930,3.61
73035,1.3900000000000001
73086,2.91
73120,4.55
73142,2.23
73155,2.33
73248,6.96
73316,5.23
73318,6.63
73324,5.68
73336,4.04
73416,2.32
73422,6.0
73521,0.65
73565,2.89
73573,3.06
73574,1.32
73648,1.6300000000000001
73791,4.09
73831,6.04
73862,4.87
73896,3.13
73903,3.91
73945,3.46
74008,8.32
74034,5.87
74064,2.62
74086,4.74
74106,2.48
74177,2.09
74228,0.96
74282,1.24
74370,4.95
74391,1.1
74531,9.68
74532,2.91
74562,4.47
74579,1.46
74599,0.15
74697,3.45
74727,2.98
74737,4.47
74755,4.49
74790,4.05
74903,0.68
74978,4.19
75005,4.48
75035,3.11
75276,5.15
75324,1.05
75350,3.11
75566,3.6
75586,7.91
75701,3.5700000000000003
75748,3.61
75907,2.45
76036,8.0
76111,4.89
76129,0.19
76139,4.14
76148,8.0
76377,2.06
76400,0.9
76430,7.99
76576,3.06
76608,1.58
76646,1.58
76684,5.17
76762,3.12
76923,7.2
76952,8.78
77084,3.44
77377,3.21
77625,6.390000000000001
77787,0.58
77799,6.98
77890,3.86
78073,2.14
78110,4.3
78143,4.15
78166,2.92
78237,3.56
78240,3.06
78265,1.69
78396,1.51
78410,6.11
78421,4.8
78606,3.84
78646,1.51
78756,5.6000000000000005
78778,4.48
78995,4.5600000000000005
79087,6.41
79098,5.09
79210,0.97
79270,3.5700000000000003
79404,3.59
79468,5.1000000000000005
79483,4.44
79569,2.85
79641,3.5500000000000003
79667,0.06
79700,6.68
79896,5.13
80027,0.26
80127,0.44
80237,1.52
80417,4.48
80498,4.48
80514,4.17
80579,1.57
80601,5.03
80640,5.53
80664,2.75
80724,1.84
80836,5.8100000000000005
80945,5.7
80959,6.5200000000000005
81009,4.4
81079,1.54
81105,4.05
81115,6.24
81212,5.0200000000000005
81229,0.21
81238,2.5500000000000003
81323,2.39
81351,2.44
81403,3.99
81424,4.4
81450,1.33
81460,8.540000000000001
81520,2.4
81694,4.11
81743,6.140000000000001
81759,5.04
81889,2.4
81911,4.79
82035,1.73
82047,2.47
82104,7.08
82116,0.45
82168,1.79
82222,6.25
82254,1.59
82294,1.6
82317,3.44
82370,6.55
82464,3.22
82771,7.21
82774,3.3200000000000003
82932,4.7
82947,3.31
82952,4.8
82971,0.27
82995,6.24
83095,1.99
83111,1.37
83164,3.8200000000000003
83165,0.54
83190,3.61
83307,5.78
83353,4.63
83415,3.35
83498,1.77
83532,4.14
83626,0.74
83643,2.86
83685,4.49
83732,5.18
83786,4.49
83799,1.57
83869,6.99
83878,11.08
83923,6.99
83929,2.45
83930,2.54
83936,4.83
83938,3.22
83939,7.92
83950,3.43
84008,1.36
84011,2.0100000000000002
84054,2.0300000000000002
84059,3.45
84157,1.71
84168,6.79
84171,1.4000000000000001
84174,5.07
84182,4.03
84221,4.64
84232,5.46
84260,5.67
84296,4.89
84312,2.45
84314,4.43
84348,0.87
84409,3.41
84429,1.8900000000000001
84471,3.6
84474,3.6
84499,1.1400000000000001
84521,0.35000000000000003
84524,5.28
84619,1.53
84621,6.78
84632,1.3900000000000001
84663,2.41
84846,1.6600000000000001
84895,0.3
84939,2.95
84969,3.41
84980,2.13
85022,4.36
85159,1.6
85231,6.7700000000000005
85257,6.72
85262,3.34
85302,0.02
85445,5.08
85451,2.43
85460,2.15
85504,7.49
85534,5.18
85535,0.58
85540,1.61
85546,8.83
85555,4.97
85557,5.3
85579,5.2700000000000005
85615,4.09
85661,2.97
85666,2.56
85675,4.42
85731,1.1500000000000001
85734,2.65
85741,4.55
85801,5.28
85851,3.63
85857,1.08
85864,5.28
85883,6.51
85950,0.26
85964,4.18
85998,6.67
86018,2.5100000000000002
86148,1.58
86178,1.81
86443,1.42
86472,1.1
86480,4.2
86483,0.42
86508,3.24
86517,5.68
86532,4.78
86600,6.140000000000001
86601,1.67
86609,2.61
86691,1.01
86694,1.46
86745,6.17
86799,3.96
86840,0.9500000000000001
86895,11.11
86957,4.74
86965,6.98
86980,0.93
86991,7.9
87004,3.27
87058,3.77
87132,9.38
87149,8.81
87250,0.49
87258,1.76
87273,4.76
87372,3.75
87451,3.92
87472,5.26
87567,3.86
87576,1.3900000000000001
87584,0.34
87593,6.21
87631,2.86
87663,3.89
87704,4.1
87775,5.8500000000000005
87797,7.0600000000000005
87811,1.67
87818,0.15
87842,8.14
87977,0.56
88032,6.48
88152,4.97
88158,4.1
88234,2.74
88254,1.75
88300,3.73
88395,1.03
88412,1.59
88430,5.48
88433,2.24
88467,2.32
88522,5.98
88569,0.98
88593,1.06
88597,2.95
88631,2.97
88639,0.63
88682,0.67
88694,5.32
88703,1.47
88714,5.22
88759,2.64
88865,3.34
88901,4.41
88928,5.65
88968,3.62
88972,4.41
89154,2.32
89178,1.3900000000000001
89207,3.34
89281,9.57
89371,0.2
89397,1.4000000000000001
89516,1.78
89680,1.1
89696,3.84
89725,3.23
90021,2.2
90103,3.39
90108,0.23
90126,2.86
90162,4.55
90165,5.3100000000000005
90267,5.59
90428,1.61
90545,0.88
90593,2.47
90680,5.32
90729,4.82
90738,5.16
90743,0.79
90819,6.51
90823,5.82
90888,0.88
90933,5.93
90996,3.79
91047,3.23
91055,1.3800000000000001
91081,1.67
91111,4.2
91255,0.97
91310,0.26
91383,3.45
91392,5.17
91494,3.23
91510,2.42
91516,2.61
91746,3.71
91753,3.34
91780,1.6300000000000001
91793,6.73
91846,0.05
91948,4.2700000000000005
91987,12.280000000000001
92068,3.16
92072,2.63
92077,4.11
92192,0.42
92195,6.73
92271,4.84
92281,1.85
92354,4.23
92394,3.85
92582,0.71
92693,5.88
92733,6.96
92738,0.28
92742,2.66
92770,0.0
92782,3.93
92797,4.32
92853,0.9500000000000001
92923,24.41
93077,2.5300000000000002
93093,7.0600000000000005
93097,7.05
93206,5.65
93221,4.3500000000000005
93265,3.84
93270,2.98
93452,3.0100000000000002
93476,3.54
93485,0.62
93496,4.58
93514,1.3900000000000001
93527,4.7700000000000005
93538,1.52
93539,0.22
93573,3.72
93609,5.05
93702,4.18
93706,9.0
93879,3.74
93966,4.05
93999,1.81
94037,3.7600000000000002
94063,2.29
94080,0.0
94170,1.79
94209,6.66
94270,5.18
94304,2.2800000000000002
94311,3.3200000000000003
94320,2.57
94373,1.61
94430,1.54
94446,2.97
94472,0.74
94544,3.5
94554,9.01
94580,0.86
94646,0.11
94655,0.03
94724,1.31
94800,3.43
94834,0.2
94837,4.7700000000000005
94869,1.54
94883,5.11
94905,3.63
94936,3.0700000000000003
94968,3.22
95037,3.84
95043,2.99
95234,6.73
95246,4.54
95340,4.88
95423,6.08
95458,5.11
95466,3.0100000000000002
95487,1.67
95529,6.73
95615,1.34
95769,3.36
95786,9.0
95893,6.54
95897,4.45
95914,2.0300000000000002
95937,3.64
96000,5.22
96011,4.3500000000000005
96035,5.0600000000000005
96054,6.72
96146,0.24
96185,11.22
96186,1.54
96210,3.75
96279,3.63
96421,3.43
96466,6.76
96640,5.29
96660,0.44
96728,3.88
97124,3.86
97175,5.2
97294,3.17
97418,4.57
97519,0.85
97534,4.43
97643,6.73
97675,3.41
97690,2.56
97749,3.44
97779,5.5200000000000005
97869,5.98
97912,2.29
97959,2.3000000000000003
97988,5.78
98001,3.65
98085,1.18
98089,3.72
98168,5.75
99480,25.0
99504,2.42
100046,5.67
100160,3.73
101208,4.43
101303,2.14
102199,7.07
102884,4.44
102885,0.19
103113,7.55
103572,4.57
103664,3.02
200860,2.7
200909,2.75
201147,2.5300000000000002
201176,2.91
201242,1.8800000000000001
201389,1.6500000000000001
201731,0.74
201756,6.86
201810,0.0
201835,0.0
201839,1.17
202071,0.0
202561,1.85
202624,2.56
202747,0.76
202818,2.2800000000000002
202922,3.45
203180,1.21
203870,3.1
204158,1.6
204584,5.6000000000000005
204625,3.45
204698,0.75
204717,2.44
204917,3.88
204943,1.4000000000000001
205030,0.61
205271,8.26
205338,1.58
205767,3.64
205911,0.8
205934,1.0
205973,2.1
206031,3.65
206116,1.27
206147,5.68
206370,0.0
206438,2.2800000000000002
206713,4.99
207108,4.29
207183,2.62
207291,4.42
207306,0.0
207320,1.22
207404,1.07
207541,1.29
207749,3.7600000000000002
207796,1.04
208201,1.03
208367,2.17
208436,0.33
208850,1.67
208973,2.0100000000000002
209061,12.33
209172,0.4
209306,3.44
209345,3.66
209527,1.1300000000000001
209532,2.72
209640,0.59
209756,3.87
209786,0.23
209872,0.0
209880,19.39
209939,4.55
209955,2.59
209993,0.7000000000000001
210022,1.51
210094,2.33
210347,3.24
210390,3.13
210468,0.75
210485,2.33
210557,1.7
210751,1.8800000000000001
210757,0.63
210848,1.27
210881,1.06
210887,3.3200000000000003
211010,1.2
211036,1.43
211102,1.86
211103,1.48
211229,1.33
211269,0.05
211318,1.3800000000000001
211505,5.51
211554,1.53
211575,0.29
211623,0.84
211736,2.0100000000000002
211782,2.31
211824,0.93
211862,0.43
211928,2.02
211941,1.83
211952,2.71
211953,7.7
211962,1.27
211968,1.07
212017,2.97
212046,2.54
212048,2.22
212165,1.56
212179,3.83
212181,2.08
212206,2.59
212261,1.1400000000000001
212272,3.19
212302,1.78
212336,2.19
212337,2.57
212342,0.74
212349,1.42
212392,0.32
212439,3.54
212520,2.4
212581,1.02
212672,1.61
212740,0.0
212755,0.74
212798,1.05
212799,3.47
212837,2.97
212844,1.16
212932,4.42
213000,4.64
213038,1.56
213064,3.44
213070,2.48
213117,2.37
213138,0.87
213172,1.26
213179,2.5100000000000002
213192,1.59
213230,1.2
213280,0.81
213357,1.54
213363,0.9400000000000001
213372,0.44
213381,1.23
213416,0.0
213446,2.02
213467,3.33
213543,2.29
213568,1.54
213582,0.66
213600,0.52
213601,2.5300000000000002
213603,1.79
213616,1.73
213618,2.3000000000000003
213643,3.87
213697,3.63
213850,2.14
213921,3.71
213926,0.46
213939,0.44
213969,1.25
213992,0.44
214115,0.0
214158,2.02
214236,1.26
214384,0.34
214397,1.8
214407,2.7600000000000002
214424,0.51
214548,1.7
214621,0.0
214625,1.27
214627,0.75
214631,7.84
214667,2.0100000000000002
214675,2.3000000000000003
214749,2.17
214765,0.56
214802,0.0
214841,1.44
214866,1.24
214894,0.3
214911,2.21
214952,1.11
215002,0.9500000000000001
215034,1.1500000000000001
215041,1.69
215156,0.74
215160,1.6600000000000001
215181,0.64
215192,0.52
215200,1.94
215207,1.27
215211,2.91
215217,4.3500000000000005
215218,1.59
215229,1.04
215263,3.44
215308,0.0
215385,0.0
215428,1.34
215431,2.92
215458,0.59
215494,1.92
215508,1.03
215509,1.68
215554,1.22
215590,3.42
215592,0.41000000000000003
215596,0.74
215622,1.44
215638,1.72
215653,2.7
215739,7.13
215810,1.24
215858,2.79
215862,1.27
215910,1.74
215948,2.68
215969,1.12
215986,1.26
215990,1.07
216057,1.27
216090,2.3000000000000003
216091,0.0
216102,2.43
216106,1.08
216112,1.1500000000000001
216156,2.38
216207,2.3000000000000003
216243,1.06
216246,0.0
216260,2.14
216328,1.16
216360,1.44
216391,0.06
216439,1.61
216492,2.54
216527,0.8200000000000001
216529,1.92
216600,2.0300000000000002
216636,3.77
216637,2.08
216645,1.69
216654,1.34
216689,0.0
216698,2.96
216713,0.76
216779,0.75
216848,0.74
216850,2.64
216910,2.27
216923,2.08
216947,0.0
217014,1.9000000000000001
217016,2.44
217024,2.27
217128,2.58
217146,0.68
217174,1.17
217241,4.63
217280,1.8
217281,1.87
217329,1.69
217335,1.9000000000000001
217400,2.27
217500,2.34
217614,2.19
217619,2.11
217628,1.25
217691,2.74
217694,0.66
217811,0.86
217854,1.58
217908,4.0600000000000005
217910,2.36
217921,2.34
217961,1.78
217970,2.18
217981,2.29
218005,1.26
218049,0.48
218119,1.3900000000000001
218155,2.92
218235,2.11
218289,3.35
218300,2.3000000000000003
218334,2.5500000000000003
218400,1.58
218433,3.47
218489,2.39
218516,1.57
218578,0.9500000000000001
218631,2.96
218637,1.9000000000000001
218774,0.0
218794,2.87
218801,6.1000000000000005
218857,1.3900000000000001
218929,2.18
218975,2.34
219030,2.08
219132,2.74
219251,2.45
219261,0.0
219273,2.37
219287,17.77
219322,3.33
219356,3.49
219374,1.81
219394,2.11
219439,2.79
219469,3.44
219477,2.39
219520,1.83
219619,2.65
219634,0.38
219641,1.26
219645,0.75
219657,2.39
219705,2.65
219717,1.61
219744,1.27
219749,0.92
219815,0.02
219827,0.8
219904,3.22
219977,4.09
220017,1.27
220132,2.37
220155,1.8900000000000001
220182,0.9500000000000001
220266,1.9000000000000001
220331,2.39
220392,0.0
220414,1.27
220546,5.23
220582,1.9000000000000001
220633,0.96
220670,1.42
220708,0.91
220830,0.85
220915,0.0
221007,1.04
221209,0.3
221216,1.57
221255,1.24
221301,0.71
221357,2.11
221411,1.94
221426,0.58
221433,2.14
221435,1.6400000000000001
221483,2.31
221501,2.0100000000000002
221545,1.6400000000000001
221546,0.59
221559,1.17
221583,0.5
221710,2.64
221719,0.66
221752,4.64
221787,2.29
221832,0.41000000000000003
221840,0.47000000000000003
221860,1.55
221882,0.0
221912,3.47
221918,2.31
221929,3.33
221936,0.0
221965,1.78
222064,1.57
222199,2.04
222333,1.6500000000000001
222439,0.6
222454,1.6500000000000001
222484,1.84
222535,2.57
222554,2.34
222558,3.45
222597,0.5700000000000001
222608,0.04
222811,2.65
222813,3.0300000000000002
222966,1.02
222980,0.62
223045,4.64
223290,2.12
223343,2.45
223365,0.0
223520,0.75
223540,0.09
223683,1.92
223755,1.83
223781,0.0
223865,0.66
223883,2.5500000000000003
223907,4.82
223930,0.97
223992,1.0
224024,0.39
224052,1.4000000000000001
224070,6.1000000000000005
224120,1.27
224158,0.42
224160,0.6
224215,3.44
224337,1.9100000000000001
224432,2.47
224467,0.89
224529,2.0100000000000002
224553,1.72
224566,2.34
224594,3.52
224595,1.06
224648,2.37
224672,4.6000000000000005
224726,3.91
224731,1.82
224816,0.96
224845,0.0
224870,1.29
224920,2.34
225013,3.4
225083,2.86
225122,1.12
225138,1.11
225205,3.24
225208,2.41
225519,1.05
225614,1.2
225664,0.33
225708,0.28
225713,2.3000000000000003
225761,0.0
225934,0.62
226033,3.92
226067,0.0
226138,0.48
226145,2.84
226186,3.23
226197,3.24
226231,2.3000000000000003
226244,0.0
226340,3.23
226362,1.11
226688,0.45
227123,2.85
227273,0.65
227522,1.1
227575,2.85
227600,0.0
227696,3.22
227974,3.0100000000000002
228583,6.5600000000000005
228797,0.76
229036,2.69
229150,0.8300000000000001
229165,1.5
229445,0.0
229467,0.9
229561,0.99
229764,5.82
229853,1.54
229957,1.47
230167,9.24
230687,2.1
230738,0.0
230774,3.91
230900,2.19
231346,2.85
231662,0.0
232138,0.84
232250,2.54
232292,1.37
232327,2.41
232521,0.28
232573,6.55
232668,0.77
232770,3.43
232815,1.37
232860,3.11
232882,1.84
233249,0.48
233274,0.28
233340,4.5200000000000005
233407,3.2800000000000002
233588,13.49
233636,2.41
233782,9.57
233803,2.38
233817,0.52
234455,2.88
234712,1.54
234729,1.02
234798,5.29
234804,1.19
234924,1.27
234971,1.11
234990,1.34
235010,4.5
235019,10.57
235046,5.29
235145,2.36
235162,19.37
235200,2.58
235201,3.19
235212,0.97
235275,3.44
235289,3.64
235328,3.3200000000000003
235356,1.9100000000000001
235401,2.29
235403,6.63
235423,4.87
235433,2.0300000000000002
235462,2.9
235495,2.0
235528,9.700000000000001
235600,2.48
235624,2.21
235641,0.38
235675,1.58
235717,1.37
235722,4.41
235753,3.22
235820,3.36
235870,1.36
235900,3.34
235946,0.52
235999,2.2600000000000002
236079,1.04
236141,4.11
236224,2.5300000000000002
236229,0.54
236239,1.12
236365,1.93
236369,4.28
236390,1.1400000000000001
236418,5.3100000000000005
236461,1.34
236466,0.9500000000000001
236489,1.12
236502,3.72
236624,4.38
236650,0.65
236698,3.9
236777,2.02
236832,0.93
236854,1.42
236871,1.42
236872,1.05
236924,2.19
236940,0.74
237080,1.58
237110,4.21
237193,2.31
237194,4.61
237357,3.44
237394,3.0100000000000002
237398,2.0100000000000002
237399,0.27
237495,2.6
237531,1.3900000000000001
237545,2.64
237551,1.57
237568,0.27
237578,2.27
237623,1.4000000000000001
237660,3.33
237695,2.39
237724,6.12
237737,2.34
237747,1.01
237795,0.53
237811,4.5600000000000005
237848,2.37
237984,4.2700000000000005
237993,9.39
238005,0.41000000000000003
238043,3.52
238059,3.21
238077,1.55
238087,4.78
238204,2.37
238282,0.5700000000000001
238390,5.28
238396,0.8
238423,2.16
238760,0.63
238803,1.82
238849,8.040000000000001
238888,1.81
238990,2.48
239047,7.45
239100,4.0200000000000005
239120,1.35
239162,4.8
239249,6.9
239257,7.2
239291,2.46
239376,1.81
239545,2.05
239573,1.9000000000000001
239591,3.22
239601,2.32
239625,1.8800000000000001
239695,0.0
239766,0.68
239798,9.44
239848,3.45
240001,2.0100000000000002
240077,3.43
240093,2.13
240415,6.57
240463,0.97
240652,2.99
240728,1.27
240932,2.0100000000000002
241086,1.23
241146,1.8800000000000001
241184,2.54
241255,0.74
241316,12.13
241337,1.41
241356,1.55
