ID,ra,dec,z_med,z_UNICORN
39810,150.1335741,2.2710158,16.72,16.72
97160,150.1809331,2.2607514,16.63,16.63
44863,150.1550173,2.2428039,15.91,15.91
8032,150.1469806,2.4413196,13.63,14.05
132792,150.1617772,2.3369178,12.63,12.76
118750,150.1277624,2.306694,12.2,13.57
31111,150.118716,2.3146998,11.79,11.92
84246,150.154505,2.2290374,11.15,11.32
183727,150.0863078,2.4195576,10.63,10.66
109917,150.1429089,2.288019,10.04,11.05
52185,150.116567,2.1970555,10.03,9.73
153965,150.1597762,2.3792944,9.27,8.95
28083,150.132927,2.3294385,7.07,3.04
300001,150.1165406,2.1971091,,10.0
168193,150.160277,2.4640528,8.96,9.85
17314,150.1263675,2.3837873,8.87,8.95
175516,150.1649785,2.44148,18.52,18.52
79292,150.1033859,2.2161177,17.41,17.41
170438,150.1419275,2.4227085,16.99,16.99
77785,150.1171847,2.2123501,16.21,16.21
214191,150.1339393,2.4493743,15.88,15.88
108970,150.063158,2.2860631,15.64,15.64
185250,150.0758053,2.4115253,15.52,15.52
34655,150.0807516,2.2974007,15.43,15.43
132380,150.1443907,2.3359567,15.25,15.25
102896,150.0933178,2.2731591,15.13,15.13
140909,150.1953058,2.3529021,14.92,14.92
150288,150.1095749,2.3715185,14.35,14.35
161947,150.1487656,2.474858,14.11,14.11
186072,150.0773698,2.4096819,13.84,13.84
65404,150.1211199,2.1726987,13.75,13.75
37362,150.185624,2.2836737,11.69,11.86
16414,150.1773263,2.3885631,11.46,11.47
143872,150.1845854,2.3586081,10.89,10.87
181882,150.0805061,2.4105739,10.65,10.93
64910,150.1353638,2.1704769,10.55,10.39
159675,150.18045,2.391961,10.54,11.44
148088,150.1565823,2.3672898,10.48,10.21
109633,150.0656288,2.287479,8.73,8.8
156406,150.0967053,2.3848476,11.89,11.89
116486,150.1760357,2.3019911,10.8,10.99
4771,150.1610287,2.4658044,10.42,10.42
158763,150.179092,2.3899502,18.67,18.67
110584,150.0867277,2.289476,17.41,17.41
157610,150.1276048,2.3874124,15.46,15.46
112629,150.1640827,2.2940952,15.31,15.31
181897,150.1392122,2.4204654,14.23,14.23
211132,150.1511588,2.3654608,13.87,13.87
116485,150.1760873,2.3019956,13.81,13.81
141147,150.1665543,2.3533053,13.78,13.78
156690,150.1543922,2.3855443,13.38,13.84
187626,150.090909,2.4058623,13.29,4.12
114668,150.1425504,2.2983361,13.01,0.49
188782,150.1280345,2.4033673,13.0,13.0
113180,150.1771885,2.2952035,12.24,0.67
188234,150.0961244,2.4048819,12.17,0.25
169454,150.1220865,2.4609235,12.16,12.16
9998,150.1329953,2.4268924,12.01,12.01
178999,150.1742557,2.4306796,11.95,11.95
84421,150.1474922,2.2295076,11.86,12.22
140451,150.1990149,2.3520541,11.7,11.23
190360,150.0904967,2.3997601,11.58,1.57
92922,150.0793149,2.2506944,11.56,11.56
11409,150.1046245,2.4173227,11.5,11.5
160081,150.0785228,2.3929201,11.5,11.38
157894,150.168624,2.3880593,11.35,11.35
95045,150.0731178,2.256034,11.3,12.13
177112,150.1648069,2.4363733,11.3,3.4
157189,150.1916632,2.3865253,11.29,11.29
174283,150.1821301,2.4437338,11.23,3.28
110865,150.0833616,2.2901177,11.22,0.97
182148,150.1527147,2.4197511,11.13,0.13
80402,150.1478082,2.2189773,11.08,11.08
184141,150.0862027,2.4135874,11.05,11.05
92874,150.0826813,2.2505934,11.02,11.02
163338,150.161223,2.4837738,10.93,10.93
150721,150.0933057,2.3723951,10.89,3.28
113428,150.1454076,2.2957404,10.87,10.87
161152,150.1724046,2.395502,10.84,0.19
40432,150.0555197,2.2677998,10.73,0.52
42364,150.1097731,2.2573722,10.72,10.72
177884,150.1793066,2.4313713,10.72,10.72
128893,150.1269072,2.3285828,10.69,10.69
156966,150.1263918,2.3861397,10.69,10.69
37545,150.1851557,2.2827547,10.66,0.7
38588,150.1439601,2.2774887,10.56,2.32
188086,150.1298707,2.406057,10.54,10.54
173971,150.1673178,2.4450028,10.3,10.3
107634,150.1616871,2.283384,10.25,1.72
31028,150.1358476,2.3150517,10.14,2.86
63582,150.117033,2.1644624,10.13,2.47
32172,150.1698407,2.3089243,,3.46
119334,150.1362532,2.3080298,11.92,11.92
67402,150.1505833,2.1812974,8.69,6.91
112782,150.1337788,2.2943958,12.04,12.04
191282,150.0759796,2.3971026,12.04,0.16
104619,150.1464652,2.2770116,11.92,11.92
174903,150.1419613,2.4422577,11.77,11.77
104781,150.0645266,2.2773792,11.74,11.74
189175,150.1216092,2.4492317,11.62,11.62
106084,150.0590956,2.2801836,11.45,3.4
190369,150.1548279,2.4219227,11.38,3.25
98722,150.1810838,2.2639621,11.23,11.23
149850,150.1532,2.3706647,10.3,10.3
153330,150.1744179,2.3779516,9.29,9.07
188511,150.0818446,2.4039514,9.19,8.98
103248,150.1449391,2.2739274,9.17,8.92
118821,150.0902881,2.306891,9.01,9.01
110889,150.0623385,2.2901943,8.95,8.95
101936,150.1492782,2.2709326,8.82,9.1
149160,150.1981862,2.3693353,8.62,8.62
41515,150.0711229,2.2621175,3.21,3.34
141252,150.1845568,2.3535079,0.58,0.58
146833,150.1571939,2.3645942,10.9,10.9
173176,150.1232778,2.4475449,10.83,2.65
189759,150.09267,2.3992414,10.6,10.6
178650,150.1193031,2.4319099,9.79,9.79
98791,150.1040072,2.2640845,9.76,1.39
81936,150.1303539,2.222878,9.52,9.52
105227,150.1400329,2.278356,9.48,9.25
85350,150.1563578,2.2320415,9.43,0.19
74453,150.1117795,2.2035255,9.29,0.01
83678,150.1304765,2.2275866,9.28,6.82
98763,150.0941258,2.2640324,9.23,0.16
116771,150.0814162,2.3025439,9.22,9.04
71381,150.1050927,2.1944111,9.19,9.19
188113,150.0836261,2.4053645,9.19,9.19
76712,150.1129164,2.2095445,9.18,0.46
99576,150.0957493,2.2657693,9.16,9.16
130614,150.1508755,2.3321779,9.16,0.31
96433,150.0644869,2.2591403,9.13,9.13
182907,150.1425634,2.4180087,9.13,9.13
138787,150.1554011,2.348986,9.04,9.04
88474,150.0737486,2.239839,9.03,1.09
99682,150.1396439,2.2659906,9.01,9.01
114777,150.1461267,2.298536,8.98,8.98
132285,150.1609278,2.3357436,8.98,8.98
188418,150.1128179,2.4159073,8.96,2.29
67231,150.1287036,2.1805931,8.95,8.95
160883,150.0761835,2.3948282,8.95,8.95
126965,150.1525243,2.3245724,8.92,8.92
38866,150.1377823,2.2761324,8.91,2.47
84886,150.1480705,2.2307574,8.87,2.29
93127,150.0736169,2.2513019,8.83,8.83
166865,150.123726,2.4701835,8.78,0.19
140857,150.1711811,2.3527884,8.65,8.65
169725,150.1313225,2.4585658,8.65,8.65
49540,150.1328346,2.2138126,8.61,1.24
175619,150.1622475,2.4402655,8.56,0.43
119398,150.1789038,2.3081567,8.47,8.47
30047,150.1133017,2.3198037,2.35,2.35
43198,150.1047896,2.2528111,0.82,0.82
9226,150.175938,2.4324301,,4.78
92399,150.1869282,2.2494324,,7.24
38491,150.1064404,2.2780339,,6.91
27219,150.1581983,2.3341304,,6.88
18111,150.1028383,2.3794034,,2.47
129985,150.1519945,2.3308738,,0.7
35805,150.0553608,2.2915883,,6.43
159412,150.175067,2.3913634,,8.14
32659,150.124025,2.3068265,,4.72
51918,150.1111692,2.199029,,7.36
34081,150.1788531,2.300008,,7.33
43711,150.1026261,2.2495968,,5.62
30440,150.1209104,2.3179337,,3.61
43390,150.0709151,2.2516876,,7.36
16252,150.1258204,2.3897145,,7.03
10051,150.1157517,2.4265975,,7.09
38872,150.1035656,2.2760722,,6.94
42262,150.1358221,2.257888,,4.66
36571,150.1715731,2.2872944,,4.63
50398,150.1087455,2.2087025,,3.43
28358,150.1537369,2.3279838,,2.65
34313,150.1676667,2.2987531,,2.11
46003,150.1668717,2.2358226,,1.75
37544,150.1472752,2.2823183,,1.72
43238,150.1493456,2.2525641,,5.44
55600,150.1322983,2.1696884,,6.25
18263,150.1758325,2.3787297,,4.78
18700,150.1039443,2.3763947,,6.46
40580,150.1067728,2.2669688,,3.4
104685,150.1428901,2.2771424,,19.21
108709,150.1631873,2.285511,,12.43
116303,150.0773556,2.3016088,,11.98
126400,150.1693634,2.3234412,,10.27
166475,150.164715,2.4703454,,9.25
110819,150.0966218,2.2900379,,8.59
107655,150.1524404,2.2834224,,8.59
11835,150.1189417,2.414938,,7.45
3555,150.1652571,2.4770125,,7.27
180082,150.0987996,2.4278429,,0.19
9924,150.1161674,2.4274553,,4.57
138698,150.1930236,2.3488423,,8.38
2783,150.1580404,2.4841958,,3.61
160387,150.1294041,2.3936676,,6.43
7860,150.1399052,2.4425018,,4.69
119733,150.1671468,2.3089052,,8.2
179520,150.1349921,2.4284797,,8.2
109997,150.1271609,2.2881479,,8.17
52597,150.146225,2.1942962,,6.16
148527,150.0980367,2.368172,,8.11
26737,150.1568055,2.3368351,,6.34
99128,150.1010716,2.2648086,,8.08
97664,150.0796807,2.261702,,8.11
9836,150.1131884,2.4281052,,4.93
52242,150.1107445,2.196793,,4.9
34709,150.1460653,2.2970393,,0.34
42911,150.0770096,2.2542727,,0.31
146943,150.1479356,2.3648366,,8.86
201574,150.1899107,2.2535946,,7.96
182522,150.087781,2.4196965,,7.93
112997,150.1433837,2.2948083,,7.36
118026,150.12551,2.3050699,,7.84
156103,150.1191636,2.3841765,,8.35
216118,150.0881048,2.3993252,,7.69
160463,150.1379381,2.3938476,,8.29
32191,150.1194175,2.3093274,,7.78
158708,150.1276924,2.389848,,7.63
130377,150.164948,2.3316665,,7.36
100433,150.1007928,2.2676688,,7.6
113528,150.1310102,2.2959563,,7.54
36513,150.167649,2.2875251,,4.51
50793,150.1151081,2.2064862,,6.49
52661,150.1417512,2.1938364,,6.85
40161,150.141778,2.2692549,,6.85
179189,150.1659476,2.435919,,7.33
42393,150.1560807,2.2572049,,6.31
161695,150.1131294,2.396903,,7.3
40876,150.141955,2.265092,,2.26
10452,150.1076778,2.423469,,5.23
32265,150.1685596,2.3089246,,6.67
33069,150.1656296,2.3049164,,6.67
189267,150.0753575,2.4019038,,6.67
49297,150.0979691,2.2151638,,5.2
84291,150.1419232,2.2292003,,6.61
32575,150.1182274,2.3072703,,6.1
104609,150.1502254,2.2769881,,7.09
112012,150.0996305,2.292781,,10.57
8201,150.1371182,2.4400753,,7.03
15656,150.1266183,2.3930562,,6.4
4612,150.1280904,2.4673325,,6.31
10639,150.1130996,2.4220924,,4.69
17277,150.1182514,2.3839465,,3.7
10621,150.1499835,2.4223014,,2.98
14113,150.1195727,2.4015188,,1.18
4495,150.1727151,2.468206,,0.94
79367,150.1001399,2.2162813,,6.97
37349,150.1458448,2.2836304,,6.97
51881,150.1190803,2.1991868,,5.95
109805,150.1464129,2.2877756,,6.94
35222,150.0964579,2.2930105,,1.9
72813,150.1503136,2.198816,,6.88
73892,150.1482347,2.2017668,,6.88
23561,150.1965334,2.3521618,,5.83
68858,150.1218942,2.1867185,,6.82
80959,150.1320109,2.2205072,,6.82
68973,150.1496099,2.1870774,,6.79
160593,150.1866539,2.3941227,,6.79
70273,150.1448525,2.1910739,,6.76
36541,150.1461158,2.2875001,,6.76
114183,150.0870171,2.2972861,,6.76
150920,150.1597662,2.3727391,,6.76
155681,150.1439028,2.3831895,,6.76
211050,150.1476996,2.3642558,,6.76
215109,150.1021814,2.4251591,,7.9
181412,150.1556025,2.4218291,,15.01
49520,150.1432459,2.2138928,,6.73
180187,150.1170273,2.4273385,,6.73
44035,150.1500993,2.2478489,,6.7
103239,150.1404949,2.2738932,,6.7
130956,150.1558421,2.3328516,,6.7
170802,150.1322736,2.449465,,8.08
105156,150.1754355,2.2781918,,6.67
113692,150.0873643,2.2963018,,6.67
139396,150.1866234,2.3500354,,6.67
159413,150.168941,2.3913662,,6.67
9071,150.1262021,2.4334795,,6.67
177191,150.1469795,2.437442,,6.67
48435,150.1431611,2.2201374,,6.64
73646,150.1140019,2.201063,,6.64
115733,150.171124,2.3005319,,6.64
38903,150.1004786,2.275922,,6.64
102449,150.0573095,2.2721097,,6.64
113757,150.0818756,2.2963829,,6.64
110319,150.1345784,2.2888614,,6.64
192934,150.0778731,2.3971195,,6.64
121289,150.1351538,2.312552,,6.7
38885,150.1006207,2.2760172,,6.61
28667,150.1618063,2.3266672,,6.61
117059,150.1636765,2.3030672,,6.61
126703,150.1569214,2.3240244,,6.61
181398,150.1443365,2.4279774,,6.61
166377,150.1227517,2.4709156,,6.97
109659,150.1406341,2.2875091,,6.67
93088,150.16032,2.2511738,,6.58
94930,150.1745397,2.2557643,,6.58
43569,150.0986594,2.2504261,,6.58
115388,150.0770713,2.2997918,,6.58
161496,150.0809208,2.3963837,,6.58
22248,150.1451562,2.3588204,,6.58
5540,150.1262456,2.4595684,,6.58
9262,150.1430606,2.4322343,,6.58
167922,150.1292996,2.4651987,,6.58
69093,150.1147724,2.1875177,,6.55
107551,150.1429838,2.283201,,6.55
119846,150.1608368,2.3091392,,6.55
146138,150.1924396,2.3632482,,6.55
6734,150.1657039,2.4507522,,6.55
167622,150.1629565,2.4663772,,6.55
7081,150.1316735,2.448302,,4.54
82667,150.1350871,2.2247139,,6.52
111170,150.1762347,2.2909224,,6.52
8794,150.1411411,2.4354842,,6.52
174481,150.1818087,2.4462787,,6.52
179735,150.1668667,2.4285713,,6.52
17158,150.1453489,2.3845422,,5.5
93655,150.1465814,2.2525992,,6.49
158515,150.1735258,2.3894234,,6.49
101872,150.0580413,2.2707955,,6.64
79535,150.143894,2.2166673,,6.46
81459,150.149687,2.2217253,,6.46
35614,150.1652635,2.2926797,,6.46
45528,150.1679984,2.2388971,,6.46
41314,150.1112693,2.2631074,,6.46
17304,150.1419809,2.3838893,,6.46
169976,150.1314471,2.458602,,6.46
102267,150.0919186,2.2717022,,6.43
105624,150.1338228,2.2792061,,6.43
170418,150.1368494,2.4227156,,6.43
37601,150.1641951,2.2824348,,4.42
11370,150.1331639,2.4169296,,3.82
79460,150.1439314,2.2164988,,6.4
27632,150.1712384,2.3317623,,6.4
168643,150.1565701,2.4633352,,6.4
171616,150.1279077,2.4531527,,6.4
26504,150.1517985,2.3379558,,3.4
100705,150.1518122,2.2682226,,6.61
98202,150.1021948,2.2629261,,6.37
37923,150.1466824,2.2808889,,6.37
14119,150.0946374,2.4013983,,6.37
167903,150.1514485,2.465351,,6.37
217277,150.1459508,2.4757783,,6.37
29019,150.1270608,2.3248284,,4.36
182463,150.1166499,2.4193409,,6.79
136167,150.197329,2.3439986,,6.79
114635,150.0782043,2.2982565,,6.31
7110,150.1293565,2.4480877,,6.31
170641,150.1759656,2.4560837,,6.31
177733,150.1833343,2.4356986,,6.31
101272,150.1053414,2.2695749,,15.25
80917,150.1123602,2.2204019,,11.92
72924,150.1190976,2.1991046,,6.28
84244,150.1341387,2.2290141,,6.28
105670,150.177498,2.2793176,,6.28
39643,150.1077024,2.271908,,6.28
189770,150.1295471,2.4017509,,6.28
3306,150.1535912,2.4793888,,6.28
37317,150.1467558,2.283799,,6.25
32460,150.0955954,2.3079003,,6.25
40329,150.0910634,2.2684385,,6.25
34075,150.1592419,2.3000309,,6.25
112778,150.1619739,2.2943916,,6.25
136555,150.1993471,2.3447874,,6.25
146713,150.1530685,2.3643404,,6.25
102079,150.1053447,2.2712819,,6.85
94224,150.0660614,2.2540916,,6.88
46333,150.14629,2.2339957,,5.53
49388,150.1393228,2.214673,,5.53
40146,150.1055619,2.2693356,,5.5
16142,150.1315492,2.3903249,,5.5
20859,150.1633983,2.3659552,,5.5
14951,150.1260942,2.3968418,,5.47
17043,150.1410303,2.3853525,,5.47
181333,150.1370232,2.4240665,,5.29
46892,150.1363613,2.2303608,,5.26
39948,150.1042939,2.2702517,,5.26
14765,150.1173393,2.4188419,,5.23
17250,150.1413015,2.3840997,,5.23
8127,150.1412793,2.4405642,,5.23
44424,150.1483926,2.2454667,,5.2
26929,150.1462219,2.3356638,,5.2
14738,150.124921,2.3980432,,5.2
8505,150.1428545,2.4375887,,5.2
49845,150.1398683,2.2120986,,5.17
38737,150.1496854,2.276711,,5.17
133074,150.1629629,2.3375745,,5.14
40245,150.1401383,2.2688808,,5.08
11227,150.1195356,2.4185745,,5.08
177003,150.145305,2.4363108,,5.05
78752,150.1527954,2.2147912,,4.93
17133,150.104355,2.3846984,,4.93
43386,150.1482537,2.2517004,,4.87
193815,150.1137966,2.4148876,,1.57
34696,150.1690184,2.2972108,,1.15
18439,150.1786755,2.3777735,,5.23
36069,150.1022076,2.2902039,,6.22
9914,150.1450423,2.4275093,,6.22
174079,150.1817502,2.4463095,,6.22
193186,150.1825993,2.3976383,,7.51
136300,150.1631344,2.3442485,,6.76
105259,150.068845,2.2784469,,6.7
129568,150.1667014,2.3299343,,7.36
155468,150.146521,2.3827008,,6.19
95399,150.1878924,2.2568792,,6.16
101195,150.0615646,2.2694045,,6.16
153514,150.0831168,2.3783489,,6.16
21508,150.1432074,2.3626096,,6.16
153951,150.1786585,2.3792668,,6.16
181033,150.147818,2.4247967,,6.16
101492,150.0901243,2.2700561,,6.49
51267,150.1238207,2.2033698,,6.13
108374,150.0928983,2.284784,,6.13
26055,150.1550109,2.3402044,,6.13
32141,150.1342389,2.3094757,,6.13
106715,150.1490449,2.2814476,,6.13
182184,150.1045478,2.4197928,,6.13
183016,150.0760036,2.4176228,,6.13
73866,150.1060697,2.2016987,,6.1
25384,150.1617824,2.3434347,,6.1
28666,150.1617447,2.3266851,,6.1
31788,150.1161247,2.3113174,,6.1
14574,150.0879683,2.398925,,6.1
11371,150.1332995,2.4169724,,4.09
67005,150.149741,2.1796756,,6.07
36884,150.1361208,2.2858008,,6.07
16560,150.135415,2.387912,,6.07
159971,150.1767687,2.3925923,,6.07
44297,150.1590844,2.2461357,,6.04
191271,150.077966,2.3971749,,6.04
21466,150.1425003,2.3628406,,6.04
88512,150.1556298,2.2399238,,9.49
41269,150.1436808,2.2633975,,6.01
98384,150.1478398,2.2633348,,6.01
27778,150.1679854,2.3310598,,6.01
31675,150.1288205,2.311938,,6.01
11170,150.1128474,2.4189166,,6.01
189636,150.0758076,2.4016725,,6.01
147326,150.1442635,2.3656073,,11.98
20066,150.1960615,2.3695771,,2.44
36760,150.1799289,2.2859659,,1.33
52548,150.1487624,2.1943475,,0.82
33032,150.168353,2.304941,,0.82
38954,150.1089241,2.275103,,0.79
40661,150.1338216,2.2662438,,0.7
97513,150.1362811,2.2614277,,7.27
76799,150.1038455,2.209792,,5.98
38917,150.127522,2.2758524,,5.98
42031,150.1375744,2.2593026,,5.98
38373,150.0651719,2.2785617,,5.98
97176,150.1064997,2.2607681,,5.98
19692,150.0916125,2.3715718,,5.98
156504,150.1336611,2.3851288,,5.98
172904,150.1625108,2.4490837,,5.98
167387,150.1294782,2.4681777,,7.3
92529,150.1578363,2.2497469,,7.33
38174,150.168318,2.279606,,5.92
106687,150.1838939,2.2814056,,5.92
116131,150.0977091,2.3013114,,5.92
131197,150.155786,2.3333054,,6.76
74710,150.1054522,2.2042651,,5.89
80866,150.137579,2.2202395,,5.89
99231,150.1773117,2.2650386,,5.89
20738,150.1529503,2.3664824,,5.89
164724,150.164238,2.4792423,,6.1
99145,150.1440858,2.2648669,,5.86
114843,150.0903408,2.2986415,,5.86
169283,150.1175636,2.4267616,,5.86
68595,150.144624,2.1858099,,5.83
74306,150.1495211,2.2030597,,5.83
41646,150.1019624,2.2614767,,5.83
100580,150.061471,2.2679703,,5.83
28755,150.1588241,2.326272,,5.83
125384,150.1274327,2.3211712,,5.83
78183,150.1124133,2.2133601,,6.07
158424,150.1349184,2.3892443,,6.82
74783,150.0985111,2.2044812,,5.8
39600,150.1463434,2.2721283,,5.8
116768,150.1763772,2.3025302,,5.8
19021,150.1490335,2.3746866,,5.8
169932,150.1337263,2.4586962,,5.8
88418,150.0680262,2.239674,,6.13
36664,150.1270251,2.2868695,,4.78
43488,150.1886265,2.2509709,,5.77
132577,150.1527864,2.3364423,,5.77
142288,150.1889787,2.3554452,,5.77
181660,150.1425619,2.4274094,,5.77
171239,150.1697953,2.4543997,,6.13
43649,150.0770229,2.2500453,,5.71
94863,150.0799403,2.2556247,,5.71
111078,150.0889264,2.2906511,,5.71
121255,150.1356062,2.3124565,,5.71
105546,150.1512481,2.2790625,,7.54
146378,150.1600789,2.3637204,,5.41
136409,150.1722837,2.3444617,,6.91
138743,150.1622592,2.3489276,,5.68
23708,150.1566126,2.3515249,,4.66
94804,150.1547309,2.2555065,,6.61
109571,150.1404801,2.2873717,,5.65
100871,150.0652403,2.2686099,,5.65
113091,150.0988773,2.2949773,,5.65
10860,150.1206758,2.4207504,,5.65
169644,150.1512535,2.4609882,,5.65
198501,150.1144598,2.2102887,,6.31
183764,150.1270529,2.4144626,,9.01
95492,150.0612063,2.2570676,,6.22
106610,150.0621422,2.2812672,,5.8
64185,150.1274525,2.1669801,,5.62
19540,150.1554929,2.3722701,,5.62
172440,150.174522,2.4506163,,5.62
115974,150.1781493,2.3010216,,5.59
15798,150.1808883,2.3921556,,5.59
100517,150.1489216,2.2678451,,6.58
171917,150.1739907,2.4537812,,5.98
164179,150.1641103,2.481061,,5.56
134215,150.1748371,2.3399651,,5.65
177303,150.1470223,2.4373627,,6.85
78796,150.135789,2.2149311,,5.53
37101,150.1362644,2.2847947,,5.53
88982,150.1506115,2.2409507,,5.53
87111,150.0669051,2.236652,,5.53
160637,150.1178599,2.3942162,,5.53
45305,150.1516924,2.24004,,5.5
34050,150.1638845,2.300192,,5.5
19903,150.0878824,2.3703922,,2.5
106538,150.1675109,2.2811328,,5.47
108966,150.1749962,2.2860565,,5.47
37054,150.0614505,2.2850415,,5.47
69092,150.1275571,2.1875147,,5.44
44808,150.0635133,2.243093,,5.44
137403,150.1673842,2.3463624,,5.44
78700,150.135395,2.2146656,,5.41
97724,150.1844794,2.2618533,,5.41
37093,150.0938706,2.2847147,,2.41
180173,150.1090828,2.4275397,,6.61
91591,150.0701533,2.2473247,,5.38
159910,150.1352668,2.3924474,,5.44
96871,150.0940581,2.260095,,6.13
153475,150.126414,2.3782955,,5.71
165207,150.1467828,2.4770975,,5.32
157136,150.118369,2.3864361,,6.19
101654,150.1476045,2.2703809,,6.07
68587,150.1101811,2.185775,,6.79
112027,150.1243299,2.2928264,,5.26
155579,150.1872051,2.3829404,,5.26
94772,150.0800495,2.2554419,,6.7
78945,150.0955136,2.2153685,,5.23
34068,150.1722349,2.3000372,,5.23
93597,150.0718792,2.2525122,,5.23
35830,150.1774879,2.2914561,,5.23
168143,150.1078941,2.4237222,,5.23
182333,150.1512859,2.419286,,6.01
176943,150.1698757,2.4364267,,6.34
128172,150.1220513,2.3271953,,6.61
73110,150.1486584,2.1995595,,5.2
79498,150.1537406,2.2165944,,5.2
90786,150.1576621,2.2453623,,5.2
95192,150.1875576,2.2564284,,5.2
97987,150.0762438,2.2624132,,5.2
156061,150.1193057,2.3840736,,5.2
138620,150.1988768,2.3486715,,5.2
168649,150.1626563,2.4686638,,5.2
171007,150.1376549,2.454861,,5.2
121144,150.1173875,2.3122055,,6.91
181228,150.1501954,2.4245175,,7.54
72522,150.1124296,2.1980102,,5.17
75555,150.1188382,2.2066381,,5.17
44446,150.1787049,2.2453254,,5.17
84513,150.1550768,2.2297341,,5.17
45252,150.076926,2.2404151,,5.17
94786,150.0795994,2.255469,,5.17
98607,150.1065436,2.2637177,,5.17
26930,150.1461664,2.3356079,,5.17
34680,150.1657522,2.2972794,,5.17
37047,150.1476561,2.2850546,,5.17
105937,150.1525548,2.279867,,5.17
112644,150.1739254,2.2941356,,5.17
13373,150.075278,2.4056054,,5.17
18148,150.1263038,2.3793643,,5.17
190610,150.1166991,2.3993899,,5.17
19659,150.199858,2.3717403,,5.17
131157,150.1707347,2.333254,,5.17
137151,150.192858,2.3459512,,5.17
8506,150.1429244,2.4375341,,5.17
162387,150.131136,2.473325,,5.17
170442,150.1661576,2.4700991,,5.17
51899,150.1499473,2.1990767,,5.14
36057,150.1742255,2.2902648,,5.14
133896,150.1529012,2.3392312,,5.14
183554,150.1337946,2.4159716,,5.71
159174,150.1915775,2.3908363,,5.11
10119,150.1359368,2.4261455,,5.11
190906,150.0802616,2.3978967,,7.36
80318,150.1465197,2.2187458,,5.08
41165,150.1783467,2.2640158,,5.08
182046,150.113563,2.4199396,,5.08
151013,150.15689,2.3729015,,5.08
113554,150.1795079,2.2960239,,5.62
109860,150.135323,2.2878909,,6.16
110041,150.0863576,2.2882655,,5.05
161682,150.1130888,2.3968678,,5.05
178375,150.1843578,2.4334771,,5.05
168272,150.1499903,2.4668879,,6.25
113268,150.0869261,2.2953872,,5.02
147697,150.1489635,2.366402,,6.61
195138,150.1273642,2.4011338,,6.55
64829,150.119178,2.1700965,,4.99
130994,150.1609689,2.332938,,4.99
106078,150.1437918,2.2801791,,7.69
139386,150.2046133,2.3500164,,4.96
171098,150.1306347,2.4546363,,4.96
45622,150.1498689,2.2381776,,2.95
100160,150.0542161,2.2670856,,4.93
102462,150.0914063,2.2721269,,4.93
39194,150.1411659,2.2742467,,4.93
22925,150.1926557,2.3555561,,4.93
129064,150.1632166,2.328882,,4.93
148059,150.1912447,2.3672454,,4.93
4790,150.1711075,2.4656349,,4.93
69164,150.1281999,2.1877748,,4.9
73315,150.1088931,2.2001312,,4.9
89926,150.161103,2.2432944,,4.9
93864,150.060645,2.2531083,,4.9
102441,150.0614938,2.2720954,,4.9
109564,150.1724014,2.2873522,,4.9
114780,150.1687811,2.2985316,,4.9
10048,150.1206746,2.4266063,,4.9
175729,150.1662721,2.4405097,,4.9
94001,150.0839656,2.2534784,,6.04
109821,150.0978333,2.2878117,,5.68
48893,150.1405023,2.2175373,,4.87
67540,150.1512591,2.1819121,,4.87
75242,150.154255,2.2056957,,4.87
79848,150.1059624,2.2174245,,4.87
86275,150.1458712,2.234382,,4.87
92289,150.1839804,2.2491744,,4.87
92316,150.1843008,2.2492351,,4.87
92493,150.1630021,2.2496497,,4.87
108344,150.1793614,2.2847242,,4.87
115000,150.16876,2.2989608,,4.87
110959,150.0604174,2.2903559,,4.87
111999,150.0787165,2.2927375,,4.87
114820,150.0842652,2.2986073,,4.87
36382,150.1472821,2.2883809,,4.87
127817,150.1603297,2.326454,,4.87
18442,150.1059293,2.3777498,,4.87
148158,150.1041704,2.3674407,,4.87
19279,150.1564005,2.3735014,,4.87
27009,150.1734787,2.3352764,,4.87
133472,150.1733755,2.3383223,,4.87
167645,150.1549532,2.4662605,,4.87
173969,150.1778054,2.4448806,,4.87
150350,150.1075833,2.371634,,4.93
81347,150.144999,2.2214186,,4.84
42933,150.1827775,2.2542379,,4.84
100828,150.142775,2.2685263,,4.84
37357,150.062064,2.2836749,,4.84
32438,150.1197051,2.3080267,,4.84
35351,150.1766084,2.2939326,,4.84
112736,150.1426228,2.2943278,,4.84
14970,150.0790512,2.3967953,,4.84
15971,150.1337731,2.3912407,,4.84
17642,150.1288241,2.3820111,,4.84
151302,150.0917121,2.3735709,,4.84
177457,150.1132132,2.4352275,,4.84
183524,150.1263783,2.4162767,,4.84
22129,150.1856982,2.3593164,,4.84
139693,150.1639847,2.3506617,,4.84
2910,150.1586135,2.4829035,,4.84
171407,150.1391067,2.4538735,,4.84
171609,150.1693645,2.4532869,,4.84
173869,150.1725671,2.4452608,,4.84
181896,150.1493498,2.4205499,,4.84
182637,150.1483426,2.4195527,,4.84
168898,150.124707,2.4234371,,5.83
51684,150.1057589,2.2007559,,4.81
55145,150.1175906,2.1742246,,4.81
69049,150.1217151,2.1873743,,4.81
71886,150.111786,2.1959677,,4.81
35762,150.1658072,2.2918606,,4.81
36505,150.1775189,2.2876222,,4.81
95512,150.1091431,2.2571086,,4.81
99387,150.1122684,2.2653622,,4.81
101450,150.0652012,2.2699684,,4.81
105080,150.0649238,2.2780575,,4.81
32668,150.1562489,2.3068217,,4.81
111689,150.1675155,2.2920589,,4.81
11821,150.1276504,2.4150581,,4.81
13668,150.1243032,2.4038232,,4.81
17611,150.0993195,2.3821791,,4.81
20404,150.0928334,2.3682103,,4.81
11168,150.1326247,2.4189779,,4.81
110452,150.0859674,2.2891647,,4.93
97850,150.1039292,2.2621701,,6.76
42630,150.1851023,2.2558605,,2.8
49820,150.1125466,2.2121953,,4.78
52627,150.1093355,2.1940553,,4.78
36373,150.0670979,2.2884257,,4.78
38307,150.0611487,2.278884,,4.78
40757,150.1089134,2.2659586,,4.78
42462,150.0789356,2.2568387,,4.78
43709,150.1027301,2.2496466,,4.78
94628,150.0764342,2.2550803,,4.78
96101,150.1081175,2.258355,,4.78
99797,150.1000945,2.2662339,,4.78
100320,150.0545774,2.2674219,,4.78
111870,150.1718984,2.2924209,,4.78
113208,150.1810627,2.29525,,4.78
114239,150.1790287,2.2974131,,4.78
156911,150.0879307,2.3860145,,4.78
8372,150.1407155,2.4387129,,4.78
8768,150.1405959,2.4357329,,4.78
167100,150.1534366,2.4682722,,4.78
167259,150.1507245,2.4686881,,4.78
148980,150.1615597,2.3690463,,6.61
53876,150.1171696,2.185391,,4.75
65661,150.1197287,2.1738607,,4.75
83861,150.1336814,2.2280891,,4.75
114396,150.1724718,2.2977774,,4.75
35984,150.1040954,2.2906849,,4.75
36343,150.0821278,2.2886165,,4.75
44520,150.0707969,2.2449316,,4.75
30967,150.1260539,2.3153275,,4.75
32658,150.1239957,2.3068924,,4.75
127460,150.1709455,2.3257235,,4.75
18357,150.104413,2.3782555,,4.75
189166,150.1271899,2.4021035,,4.75
156319,150.172184,2.3846589,,4.75
6490,150.1343591,2.4525697,,4.75
8581,150.1312856,2.437058,,4.75
136580,150.199428,2.3448445,,6.37
81141,150.1482288,2.2209438,,6.13
131587,150.17548,2.3341781,,4.87
36570,150.1714485,2.2872709,,4.72
93119,150.1025595,2.2512672,,4.72
37844,150.1368735,2.2812303,,4.72
118011,150.1644926,2.3050398,,4.72
15390,150.0825876,2.3946337,,4.72
17763,150.17553,2.3814113,,4.72
21719,150.1880107,2.3614498,,4.72
151755,150.148747,2.3745362,,6.73
54857,150.1207166,2.1771651,,4.69
55464,150.1318764,2.1711316,,4.69
44178,150.1453817,2.2468269,,4.69
100387,150.0545107,2.2675532,,4.69
33358,150.1683989,2.3032893,,4.69
33979,150.1632558,2.3005542,,4.69
35896,150.1500167,2.2911344,,4.69
14863,150.0763603,2.3972843,,4.69
20435,150.0925621,2.3681113,,4.69
21153,150.0959039,2.364439,,4.69
21514,150.143052,2.3625867,,4.69
25094,150.1637362,2.344873,,4.69
161260,150.184108,2.3957696,,4.69
11739,150.1427161,2.4154437,,4.69
162913,150.1647422,2.4490641,,4.69
163918,150.1542723,2.4819254,,4.69
24913,150.1684686,2.3452779,,1.69
73128,150.1185782,2.1996307,,8.59
80999,150.1354514,2.2206156,,5.62
177806,150.1167326,2.4344516,,4.78
69582,150.1266973,2.1890755,,4.66
71293,150.141135,2.1941776,,4.66
74508,150.1518558,2.2036939,,4.66
42709,150.1567424,2.2554698,,4.66
35209,150.099024,2.2945309,,4.66
39408,150.1042849,2.2730246,,4.66
41504,150.0785906,2.2621974,,4.66
109037,150.0620897,2.2861975,,4.66
109397,150.0932907,2.2869946,,4.66
27957,150.1586918,2.3301083,,4.66
35393,150.1299154,2.2937855,,4.66
36978,150.1486594,2.2853997,,4.66
116389,150.1709434,2.3017888,,4.66
18920,150.091454,2.3752512,,4.66
147866,150.0942767,2.3668248,,4.66
153126,150.1060397,2.377469,,4.66
20373,150.1594916,2.3684077,,4.66
140430,150.192999,2.3520032,,4.66
190974,150.184251,2.3979553,,4.66
3550,150.1545909,2.477076,,4.66
4096,150.1282806,2.4718002,,4.66
6339,150.1686529,2.4537267,,4.66
8963,150.1271202,2.4343063,,4.66
166549,150.1673629,2.4702507,,4.66
166915,150.1533694,2.469229,,4.66
112226,150.1298831,2.2933428,,7.81
166423,150.151764,2.4766092,,5.83
104913,150.1079778,2.2776541,,4.63
108105,150.0528834,2.2842573,,4.63
32933,150.1265365,2.3055493,,4.63
170480,150.1761719,2.457421,,4.63
43353,150.1063005,2.2511206,,2.62
30431,150.1135472,2.3178693,,0.19
189707,150.083674,2.4012251,,4.78
45867,150.0728147,2.2368877,,4.6
109536,150.0828137,2.2872989,,4.6
112603,150.0589284,2.2940393,,4.6
114261,150.0843862,2.2974572,,4.6
26821,150.1589267,2.3363217,,4.6
29206,150.1560481,2.3239655,,4.6
31951,150.1766998,2.3105374,,4.6
33076,150.1194099,2.3048273,,4.6
34453,150.1719817,2.2983728,,4.6
35764,150.1754168,2.291753,,4.6
15944,150.1151507,2.3913437,,4.6
11274,150.1462923,2.4181866,,4.6
162956,150.1617416,2.4855007,,4.6
170366,150.1358199,2.4227339,,4.87
48687,150.1051446,2.2187353,,4.57
33357,150.1684408,2.303373,,4.57
17291,150.1050492,2.3838881,,4.57
20111,150.1077879,2.3695191,,4.57
179187,150.1672932,2.4479805,,4.57
102565,150.1353362,2.2724079,,19.42
96546,150.10675,2.2594369,,5.02
78485,150.1008551,2.2141398,,4.54
34441,150.1746665,2.29839,,4.54
31861,150.1337622,2.3109764,,4.54
24212,150.206251,2.3491816,,4.54
29919,150.1249065,2.3204468,,4.51
17523,150.1340148,2.3823428,,4.51
29804,150.1531432,2.3207807,,2.5
96161,150.0945175,2.2585131,,6.28
28975,150.1258469,2.3251247,,4.48
117239,150.080346,2.3034408,,4.9
18062,150.1077449,2.3794721,,2.47
41298,150.1106617,2.2631907,,4.45
33359,150.1683829,2.3031745,,4.45
110163,150.1761563,2.288547,,5.68
88467,150.148368,2.2398188,,6.34
92844,150.1872751,2.2505353,,4.42
36295,150.1402648,2.2884331,,4.42
53385,150.1526361,2.1888408,,4.39
78710,150.1449759,2.2146894,,4.39
32602,150.1359545,2.3071416,,4.39
124665,150.1288447,2.3197445,,4.39
153407,150.1041498,2.3781185,,4.39
14618,150.1882033,2.3987225,,4.39
147518,150.1844168,2.3660366,,4.39
8000,150.1387853,2.4414419,,4.39
8766,150.130234,2.4356991,,4.39
89787,150.0730897,2.2429819,,4.75
88196,150.1493438,2.2391885,,4.84
89329,150.1492816,2.2418319,,4.84
41288,150.1708267,2.2632673,,4.36
38539,150.1096588,2.2775258,,4.36
112719,150.0932007,2.2942918,,4.36
39286,150.1373856,2.2736625,,4.36
10246,150.1135072,2.4250878,,4.36
159477,150.1707866,2.3915115,,4.36
5441,150.1241899,2.4603304,,4.36
42574,150.1834997,2.2561728,,2.35
170986,150.1367356,2.4562663,,4.9
147542,150.1582433,2.3660836,,4.69
53872,150.1257065,2.1854677,,4.33
85769,150.1421653,2.2330806,,4.33
14228,150.1235925,2.4009183,,4.33
17084,150.1344502,2.385073,,4.33
151425,150.0864271,2.3738542,,4.33
23773,150.1559834,2.3510789,,4.33
5725,150.1311547,2.4581517,,4.33
172214,150.1362697,2.4514442,,4.33
128188,150.1566551,2.3272339,,5.02
98668,150.1048363,2.2638512,,6.64
55425,150.1294067,2.1714604,,4.3
64152,150.1186822,2.1668455,,4.3
77876,150.1149122,2.2125749,,4.3
41141,150.1785099,2.2641216,,4.3
33644,150.0864337,2.3020248,,4.3
38836,150.1016514,2.2762785,,4.3
96031,150.0608206,2.2581718,,4.3
110045,150.0672109,2.2882872,,4.3
10597,150.1560689,2.422366,,2.29
114819,150.0852028,2.2986093,,7.18
111412,150.0817583,2.29146,,6.46
169576,150.1233831,2.4594011,,4.72
26921,150.1454711,2.3357553,,4.27
12105,150.1191969,2.4131628,,4.27
12659,150.1065794,2.4099146,,4.27
20077,150.1078144,2.3697912,,4.27
22667,150.1866926,2.356703,,4.27
4023,150.150268,2.472677,,4.27
173350,150.1294263,2.4466301,,4.27
173861,150.1646415,2.4452955,,4.27
178745,150.1319672,2.4332335,,6.67
161571,150.1837173,2.3965784,,5.17
70067,150.1454907,2.1904559,,4.24
77529,150.0973257,2.2117281,,4.24
93632,150.0722495,2.2525671,,4.24
106776,150.1492775,2.28157,,4.24
19714,150.1019927,2.3714653,,4.24
35468,150.1379694,2.2916591,,0.22
158481,150.1335493,2.3893436,,5.38
127440,150.1527107,2.3256702,,4.21
132460,150.1714076,2.3361542,,4.21
102148,150.1355201,2.27145,,6.46
154935,150.1240943,2.3814892,,6.79
185200,150.1077057,2.4117073,,6.61
104564,150.0598911,2.2768852,,4.18
113602,150.1824164,2.2961452,,4.18
122280,150.1216483,2.3146659,,4.18
16464,150.0899517,2.3884561,,4.18
167330,150.1562104,2.4677871,,4.18
46832,150.1455468,2.2306686,,4.12
46909,150.1382115,2.2302688,,4.12
47298,150.1334022,2.2276452,,4.12
50018,150.1205132,2.2110204,,4.12
72540,150.1125819,2.1980747,,4.12
83161,150.1300586,2.2260526,,4.12
83810,150.132645,2.2279008,,4.12
97991,150.1846473,2.2624233,,4.12
33120,150.0886246,2.3045919,,4.12
33510,150.088494,2.3027294,,4.12
41608,150.106312,2.2616887,,4.12
87891,150.0736802,2.2384806,,4.12
38082,150.1309202,2.28009,,4.12
38245,150.1403833,2.27909,,4.12
112838,150.1801537,2.294494,,4.12
121431,150.1720292,2.3129351,,4.12
127295,150.1498483,2.3253398,,4.12
13574,150.1246803,2.4044619,,4.12
14982,150.0836748,2.3967625,,4.12
18720,150.0899716,2.3761248,,4.12
149555,150.1006962,2.3700913,,4.12
18479,150.1768544,2.3775424,,4.12
24082,150.1562617,2.3498205,,4.12
27494,150.1726951,2.3327147,,4.12
136567,150.1557959,2.3448188,,4.12
6790,150.1769806,2.4519399,,4.12
7620,150.1721127,2.444187,,4.12
8495,150.1732382,2.4375698,,4.12
10008,150.1489198,2.4268312,,4.12
171530,150.1679132,2.4535493,,4.12
172757,150.1246622,2.4509444,,4.12
179656,150.1696109,2.4324067,,4.12
181510,150.1394332,2.4216235,,4.12
55529,150.1167006,2.1702584,,2.11
104855,150.1364915,2.2775244,,7.93
189327,150.1296452,2.401818,,6.16
99839,150.1134128,2.2663211,,4.81
100692,150.1375852,2.2681689,,5.14
171523,150.1245524,2.4533153,,4.84
10795,150.1495097,2.4211484,,4.09
137971,150.1603476,2.3473715,,5.62
156875,150.1288829,2.3859456,,5.5
39433,150.1343649,2.2728174,,4.06
43593,150.1542626,2.2503126,,4.06
28222,150.1549495,2.3285816,,4.06
4370,150.1489976,2.4694639,,4.06
86023,150.1411489,2.2337167,,6.64
104141,150.1276268,2.2758778,,5.23
147053,150.1593622,2.3650382,,5.98
110708,150.1691346,2.289772,,6.16
26482,150.1539492,2.3380422,,4.03
126644,150.1237338,2.3239156,,6.91
188451,150.1284653,2.4043202,,6.55
96998,150.1033151,2.2603688,,5.68
190640,150.1235406,2.4028597,,4.81
119690,150.1669932,2.3088102,,6.28
149010,150.1909941,2.3690851,,5.44
43906,150.1433343,2.2484643,,4.0
11742,150.0894125,2.4153861,,4.0
181758,150.0893998,2.4208032,,4.0
179148,150.173134,2.4312083,,4.0
106553,150.1525503,2.2811633,,6.07
16820,150.1227136,2.3864814,,3.97
145760,150.1501385,2.3624431,,6.49
106588,150.1636236,2.2812234,,4.78
53606,150.1545201,2.1871607,,3.94
91133,150.1809829,2.2462247,,3.94
29358,150.1584733,2.3231561,,3.94
180966,150.0861878,2.4217987,,3.94
179470,150.1725561,2.4315631,,3.94
160236,150.1767603,2.3932802,,4.96
192100,150.112838,2.3977229,,6.52
47097,150.1415337,2.2290517,,3.91
117137,150.1225275,2.3032194,,3.91
134365,150.1496012,2.3403075,,3.91
13301,150.1325595,2.4057678,,3.91
14080,150.1837206,2.4013555,,3.91
26481,150.1540487,2.3380788,,3.91
7082,150.1315336,2.4482552,,3.91
178419,150.1697628,2.4314251,,3.91
29118,150.117098,2.3243706,,3.88
115765,150.1681503,2.3005986,,3.88
19509,150.1039968,2.3716202,,3.88
150744,150.1037944,2.372429,,3.88
106655,150.059365,2.2813618,,4.72
107308,150.1630522,2.2826241,,5.56
181432,150.1555431,2.4217828,,3.85
112983,150.1375284,2.2947808,,8.35
153660,150.1452269,2.3786593,,6.61
35533,150.0570196,2.2928649,,2.83
100258,150.112818,2.2672781,,6.58
103824,150.0978233,2.2751961,,4.69
106689,150.1487387,2.2814111,,4.57
111914,150.1433396,2.2925232,,4.12
49836,150.1405391,2.2121382,,3.82
64996,150.1382984,2.1709579,,3.82
92998,150.0766576,2.250933,,3.82
119331,150.0962971,2.3080209,,3.82
111587,150.1443657,2.2918383,,3.82
127565,150.1265488,2.32595,,3.82
154715,150.0973894,2.380955,,3.82
4253,150.1223478,2.4704453,,3.82
131766,150.1685396,2.3345513,,6.28
154701,150.124507,2.3809254,,4.63
42240,150.1908115,2.258079,,3.79
39461,150.1066258,2.272807,,3.79
148810,150.0998484,2.3687838,,3.79
151386,150.1094415,2.373771,,3.79
178534,150.1155945,2.432084,,3.79
152358,150.1367095,2.3757799,,3.79
142148,150.1588353,2.3551684,,4.75
182103,150.1484292,2.419591,,4.39
118694,150.1206089,2.3065745,,4.12
153619,150.1804002,2.3785851,,4.87
74901,150.1531011,2.2047744,,3.76
83919,150.1430859,2.2282412,,3.76
37826,150.1669055,2.2814346,,3.76
33121,150.088655,2.3045179,,3.76
127146,150.1638677,2.3249998,,3.76
13708,150.1239164,2.4036644,,3.76
14344,150.1213533,2.4001986,,3.76
16174,150.1302446,2.3901614,,3.76
191344,150.1125325,2.3975571,,3.76
21379,150.1436012,2.3632056,,3.76
24251,150.1574785,2.3489925,,3.76
3933,150.1303827,2.4734954,,3.76
4062,150.1514339,2.4722985,,3.76
9575,150.1652692,2.4299698,,3.76
165960,150.1538716,2.4720923,,3.76
131308,150.1616015,2.3335593,,4.87
181790,150.1482466,2.4208095,,3.82
92626,150.0989487,2.249991,,3.82
105437,150.177577,2.2788367,,6.07
41099,150.1459377,2.2643021,,3.73
89156,150.1825522,2.2413916,,3.73
41375,150.0923564,2.2628405,,3.73
95094,150.1126633,2.2561461,,3.73
31243,150.1732506,2.3140858,,3.73
32017,150.1754425,2.3102007,,3.73
37619,150.1324635,2.2824074,,3.73
11639,150.0872483,2.4160881,,3.73
16680,150.1199931,2.3869221,,3.73
20168,150.1096512,2.3692723,,3.73
14802,150.1794229,2.397675,,3.73
17528,150.1857879,2.3825876,,3.73
20797,150.1515155,2.3662953,,3.73
24135,150.1514197,2.3495494,,3.73
24534,150.1618447,2.3476028,,3.73
27439,150.1606893,2.3329101,,3.73
27889,150.1677808,2.3304661,,3.73
147051,150.1841758,2.3650366,,3.73
3769,150.1598089,2.4750464,,3.73
4049,150.1485471,2.4724248,,3.73
4091,150.1284051,2.4718497,,3.73
6898,150.1254683,2.4496588,,3.73
7950,150.1633564,2.4419011,,3.73
9733,150.1338225,2.4289362,,3.73
9801,150.1665892,2.4284254,,3.73
189929,150.1311137,2.4012708,,6.1
70650,150.126209,2.1922682,,4.78
48023,150.1152978,2.2228807,,3.7
84738,150.1389032,2.2303203,,3.7
41542,150.1095256,2.2619659,,3.7
35121,150.1362607,2.2949631,,3.7
11366,150.0836154,2.417586,,3.7
19865,150.0901938,2.3705823,,3.7
17615,150.1509971,2.3821377,,3.7
19722,150.1596569,2.3714069,,3.7
21326,150.1525527,2.3636615,,3.7
149920,150.1587934,2.3707843,,3.7
155573,150.1871436,2.3829373,,3.7
156398,150.152747,2.3848331,,3.7
4364,150.1480264,2.4694564,,3.7
9890,150.1346204,2.4277024,,3.7
10773,150.1496809,2.4212403,,3.7
178438,150.1762158,2.4334983,,3.7
160911,150.1254711,2.3948944,,4.57
2642,150.1651286,2.4855797,,3.67
7091,150.124035,2.4475023,,1.66
136467,150.160113,2.3445697,,6.73
115056,150.1743083,2.2990756,,3.91
119032,150.177913,2.3073603,,3.64
16678,150.0971617,2.3872721,,3.64
4367,150.1656223,2.4696231,,3.64
128452,150.1462147,2.3277547,,4.87
156907,150.122023,2.3859975,,3.79
110732,150.1678489,2.2898254,,3.61
39352,150.0982433,2.2733621,,3.61
148329,150.0994598,2.3677033,,3.61
190065,150.1179451,2.401128,,3.61
145321,150.1899522,2.3615811,,3.61
148091,150.1945961,2.3673037,,3.61
154495,150.1907517,2.3804329,,3.61
7053,150.122748,2.4485187,,3.61
113566,150.1355383,2.2960521,,4.12
45724,150.0691219,2.2376413,,3.58
87352,150.0723842,2.2372049,,3.58
7160,150.1200361,2.4477479,,3.58
179059,150.1394571,2.4350167,,3.58
111774,150.1402466,2.292231,,5.71
85899,150.1426145,2.2333885,,5.17
100661,150.108334,2.2681209,,4.99
133387,150.1447052,2.3381569,,3.55
39385,150.1030201,2.2728603,,2.56
84409,150.1282503,2.2294763,,5.62
153252,150.0848416,2.3777383,,3.52
177138,150.148631,2.4359428,,3.52
155481,150.1543149,2.3827333,,4.36
35445,150.0575678,2.2932881,,1.24
114640,150.1436501,2.29828,,7.6
94643,150.0697045,2.2551354,,3.49
9745,150.1073912,2.4289035,,3.49
152880,150.1253907,2.376912,,3.49
24203,150.2090225,2.3488702,,3.49
141210,150.1673669,2.3534257,,3.49
4318,150.1660432,2.4699692,,3.49
110566,150.1312097,2.2894383,,4.69
32162,150.1680602,2.309423,,1.51
120039,150.1772973,2.3095829,,3.46
16562,150.1035305,2.3877037,,3.46
140889,150.1634618,2.3528686,,3.46
6916,150.1603017,2.4496227,,3.46
9841,150.1337994,2.4279974,,3.46
9968,150.1340309,2.4270488,,3.46
51675,150.1430749,2.2004183,,2.47
94690,150.0674473,2.2552774,,4.36
49103,150.1476565,2.2163385,,3.43
40453,150.1456154,2.2676541,,3.43
34238,150.086217,2.2993453,,3.43
43286,150.0624781,2.2522298,,3.43
93583,150.1071897,2.2524877,,3.43
126970,150.1554065,2.3245963,,3.43
21526,150.0899202,2.3624424,,3.43
156080,150.134128,2.3841151,,3.43
20328,150.1937263,2.3686061,,3.43
23347,150.1690751,2.3533313,,3.43
166560,150.1683708,2.4698143,,3.43
183785,150.1749187,2.4333539,,3.43
167299,150.1254948,2.4721125,,6.25
153381,150.1290143,2.3780549,,4.9
179879,150.1063344,2.4283274,,4.9
156429,150.1230776,2.3849298,,4.12
46271,150.1410605,2.234396,,3.4
47482,150.1470972,2.2264068,,3.4
85242,150.1379166,2.2317463,,3.4
40751,150.1533896,2.2660535,,3.4
43276,150.1500694,2.2522889,,3.4
43817,150.1486538,2.2490362,,3.4
43818,150.1487626,2.2490356,,3.4
85809,150.1499945,2.2331683,,3.4
96670,150.1914054,2.2596677,,3.4
33937,150.0921279,2.3006876,,3.4
34398,150.0846848,2.2986348,,3.4
44024,150.0853212,2.2478247,,3.4
102897,150.0698023,2.2731576,,3.4
118178,150.0940282,2.3054243,,3.4
27442,150.1462965,2.3329471,,3.4
28129,150.1593204,2.3292523,,3.4
30198,150.130188,2.319131,,3.4
31686,150.1242263,2.3118344,,3.4
105828,150.1424355,2.2796664,,3.4
108864,150.1287438,2.2858312,,3.4
110095,150.1754879,2.2883891,,3.4
110285,150.1313996,2.2888019,,3.4
119589,150.1306019,2.3085598,,3.4
10052,150.120437,2.4265286,,3.4
16224,150.1001283,2.3896985,,3.4
18499,150.0869162,2.3774301,,3.4
20265,150.0905947,2.3689096,,3.4
156128,150.094055,2.3842313,,3.4
158359,150.1373747,2.3890858,,3.4
161640,150.0881033,2.3967667,,3.4
192544,150.1204995,2.3978063,,3.4
17529,150.1857577,2.3824887,,3.4
27242,150.1751552,2.3340469,,3.4
27483,150.1667928,2.332746,,3.4
138979,150.1978891,2.3493984,,3.4
141271,150.2007716,2.3535374,,3.4
4954,150.1647885,2.4642811,,3.4
9969,150.1339225,2.426962,,3.4
10132,150.1432917,2.4259818,,3.4
163908,150.1485326,2.4819518,,3.4
164866,150.1523731,2.4788708,,3.4
170062,150.1320277,2.4581311,,3.4
170755,150.1732201,2.4555295,,3.4
170984,150.1293471,2.4557697,,3.4
176663,150.1808442,2.4370734,,3.4
180344,150.137481,2.4270331,,3.4
176186,150.1773669,2.4387655,,4.72
40487,150.1789954,2.2673844,,3.37
23310,150.1678313,2.3535618,,3.37
170314,150.1227037,2.4568661,,3.37
113373,150.1390268,2.2956159,,6.76
92661,150.0768877,2.2500696,,4.75
94464,150.1611254,2.2546385,,3.73
163556,150.1587,2.4829352,,3.4
16627,150.1900226,2.3875304,,3.34
43671,150.0765402,2.2496656,,2.35
172717,150.1684122,2.449984,,6.1
175517,150.1618373,2.4401453,,4.75
181713,150.0812787,2.4209915,,4.42
38203,150.1429045,2.2784999,,2.32
103603,150.1063893,2.2747072,,6.94
54267,150.1166304,2.1820355,,3.31
73207,150.1121464,2.1998352,,3.31
41235,150.1464187,2.2635946,,3.31
44230,150.1582213,2.2465757,,3.31
161292,150.1824803,2.3958342,,3.31
85165,150.1312435,2.2315841,,3.28
96428,150.061285,2.2591221,,3.28
25563,150.1534097,2.3424292,,3.28
15880,150.0972841,2.3917054,,3.28
211279,150.1458916,2.3677761,,6.7
133613,150.1711383,2.3386469,,6.67
112939,150.1725759,2.2946832,,4.6
4131,150.1513008,2.4714965,,2.26
177200,150.1733113,2.4354087,,6.64
68296,150.1251054,2.1847777,,3.25
94359,150.0644501,2.2543808,,4.78
42475,150.179876,2.2567211,,3.22
32076,150.1758254,2.3097443,,3.22
35461,150.1288237,2.2933801,,3.22
23348,150.1689905,2.3533218,,3.22
156051,150.1767255,2.3840255,,3.22
4503,150.1216385,2.4681344,,3.22
9514,150.1501783,2.4302107,,3.22
91209,150.1435659,2.2463805,,3.73
97157,150.1103126,2.2607442,,3.4
148436,150.0973063,2.3679983,,6.64
51307,150.1064302,2.2030925,,3.19
43650,150.1612132,2.2499393,,3.19
36510,150.0988232,2.2876143,,3.19
29438,150.1571428,2.3227598,,3.19
11239,150.0823162,2.4184154,,3.19
175703,150.1614527,2.4405192,,3.19
95148,150.1143276,2.256283,,5.71
73528,150.1064925,2.2007335,,4.42
105791,150.1781669,2.2795725,,3.16
105613,150.0542978,2.2791934,,3.16
34683,150.1599563,2.2972599,,3.16
36729,150.1454984,2.2864817,,3.16
11188,150.1269678,2.418688,,3.16
12037,150.1048191,2.4136927,,3.16
19965,150.1474979,2.3701145,,3.16
21105,150.2031304,2.3647327,,3.16
6846,150.1257527,2.449964,,3.16
38596,150.1382856,2.277415,,2.17
86986,150.0692365,2.2363712,,5.41
84722,150.1312525,2.230277,,3.13
43056,150.0765548,2.2534232,,3.13
4801,150.1709467,2.4655221,,3.13
44892,150.1798429,2.2423182,,2.14
158898,150.1216804,2.390246,,4.06
133412,150.1659084,2.3382106,,3.43
151844,150.0983261,2.3747375,,6.07
40555,150.1442987,2.2668409,,3.1
32778,150.1259139,2.306329,,3.1
33445,150.1644389,2.3030055,,3.1
18163,150.1922035,2.3791262,,3.1
164077,150.1643588,2.4826765,,3.1
156683,150.1203255,2.3855312,,4.51
67941,150.1139256,2.1833902,,4.33
71573,150.1039362,2.1949791,,4.15
48386,150.1379358,2.2202377,,3.07
27793,150.1273557,2.3308933,,3.07
32522,150.1628697,2.307346,,3.07
13660,150.1240453,2.4038609,,3.07
16812,150.0889062,2.3864698,,3.07
21378,150.1437424,2.3632976,,3.07
52529,150.1060215,2.1948253,,3.04
43786,150.1506527,2.2492061,,3.04
98914,150.1730774,2.2643353,,3.04
45113,150.0797335,2.2411664,,3.04
15049,150.1713729,2.3964301,,3.04
24202,150.209022,2.3491367,,3.04
53830,150.1253638,2.1854085,,2.05
3010,150.1500826,2.482088,,2.05
182181,150.1515881,2.4194024,,4.84
46479,150.1468444,2.2330289,,3.01
55288,150.1227292,2.1724843,,3.01
41313,150.1717047,2.263113,,3.01
86703,150.1651175,2.2355404,,3.01
31634,150.1298493,2.3118283,,3.01
31886,150.1761474,2.3108496,,3.01
24889,150.1714094,2.3457486,,3.01
27131,150.1620448,2.3345878,,3.01
2752,150.1655434,2.484454,,3.01
9599,150.1733617,2.4297598,,3.01
179043,150.1762082,2.4308257,,3.01
115912,150.172284,2.3009133,,6.7
111362,150.1766156,2.2913618,,6.1
124868,150.1125779,2.3201646,,5.17
109798,150.0817717,2.287759,,3.88
103521,150.1392965,2.2745299,,3.55
40875,150.1425621,2.2650298,,2.98
43385,150.1418691,2.2516575,,2.98
45906,150.1602561,2.236574,,2.98
31947,150.1273066,2.3131608,,2.98
36394,150.163894,2.2883258,,2.98
20717,150.0920413,2.3666551,,2.98
67795,150.1258269,2.1828336,,4.78
75525,150.1057339,2.2065427,,3.31
46402,150.1375512,2.233325,,2.95
11226,150.107128,2.4183351,,2.95
17453,150.1326209,2.3830338,,2.95
18608,150.1013182,2.3768057,,2.95
161875,150.1690725,2.4763035,,2.95
170108,150.1337748,2.4650333,,2.95
149626,150.1477769,2.3702283,,3.88
43216,150.0824796,2.2526794,,2.92
179091,150.1365347,2.4307007,,5.14
177948,150.1111747,2.434003,,4.45
36141,150.0875343,2.2897636,,2.89
169799,150.153273,2.4229185,,3.7
194506,150.1824928,2.3980117,,3.4
130050,150.1636047,2.3310082,,4.87
86574,150.1403488,2.2351659,,4.39
126753,150.1623227,2.3241542,,4.0
148868,150.1001078,2.3688778,,3.67
118994,150.1765368,2.3072891,,3.4
10922,150.1018733,2.4202942,,2.83
14349,150.1222343,2.3997972,,2.83
18835,150.1368811,2.3756944,,2.83
19853,150.1516688,2.370911,,2.83
7029,150.1689214,2.4486816,,1.84
125780,150.1634587,2.3220949,,4.84
157690,150.1240803,2.3875626,,3.85
15308,150.0816429,2.3950531,,2.8
35171,150.1579795,2.2944437,,1.78
48449,150.1497382,2.2200591,,2.77
35834,150.1744111,2.2913629,,2.77
25260,150.1911126,2.3440195,,2.77
52267,150.1484638,2.1963973,,1.75
35686,150.1693665,2.2921589,,1.75
37506,150.164953,2.2828636,,1.75
40463,150.1046538,2.2670344,,1.75
35632,150.1689835,2.2925163,,1.75
38904,150.1365293,2.2756693,,1.75
38392,150.1316623,2.2785332,,2.74
35504,150.1308072,2.2931584,,2.71
25121,150.1977017,2.3447456,,2.71
168248,150.1285829,2.4643786,,2.71
46364,150.1544798,2.2336081,,1.72
2804,150.1594731,2.4837496,,1.72
184961,150.1222301,2.4142684,,6.76
112273,150.1805961,2.293425,,4.84
69044,150.1286571,2.1873478,,2.68
36694,150.1703905,2.2867283,,2.68
36410,150.104815,2.2882586,,2.68
45117,150.069522,2.2411923,,2.68
27973,150.1606843,2.3300085,,2.68
31745,150.1698297,2.3115556,,2.68
32886,150.1667397,2.3056962,,2.68
34443,150.1771236,2.2978712,,2.68
34712,150.1770136,2.2971104,,2.68
36331,150.1743914,2.2885565,,2.68
37069,150.1514261,2.2849411,,2.68
188767,150.0864845,2.4043597,,2.68
139659,150.2013165,2.3505934,,2.68
10125,150.1425651,2.4260065,,2.68
55563,150.1335387,2.1697905,,1.69
43026,150.1873383,2.2533367,,1.69
37469,150.1343372,2.2829727,,2.65
109719,150.1626766,2.2876222,,2.65
33367,150.081974,2.3033497,,2.65
34656,150.0904447,2.2973059,,2.65
92544,150.0779335,2.2497815,,2.65
31433,150.1359324,2.3131292,,2.65
36798,150.1694014,2.2862197,,2.65
178755,150.1178796,2.4315463,,2.65
20126,150.1526736,2.369457,,2.65
20713,150.1481587,2.3665703,,2.65
3984,150.1293056,2.4730436,,2.65
8067,150.1774319,2.4410605,,2.65
46876,150.1338142,2.2301797,,1.63
139123,150.1521596,2.3495919,,7.27
82692,150.1388005,2.2247927,,5.92
89232,150.1625014,2.2415655,,3.85
54300,150.1155699,2.1817549,,2.62
35233,150.1016972,2.294416,,2.62
31867,150.1181061,2.3109292,,2.62
20358,150.1045833,2.3684713,,2.62
23728,150.0904686,2.3634899,,2.62
19777,150.1428555,2.3710626,,2.62
5121,150.1524233,2.4627795,,2.62
6174,150.1714743,2.4549402,,2.62
110104,150.1767768,2.2884055,,5.17
183114,150.1412384,2.4173396,,4.84
158160,150.1709693,2.388649,,4.69
89661,150.1562626,2.2426227,,4.3
147632,150.1022117,2.3662648,,3.73
111457,150.0906677,2.2915732,,3.4
46274,150.1594157,2.2343901,,2.56
39588,150.0911801,2.2721928,,2.56
43623,150.0776355,2.2501311,,2.56
28309,150.1470395,2.3283361,,2.56
20483,150.1468608,2.3678003,,2.56
65620,150.1189858,2.1736792,,3.28
44513,150.1573648,2.2449331,,2.53
33525,150.0883133,2.3026403,,2.53
111857,150.1838431,2.2923878,,2.53
166755,150.1702238,2.469078,,2.53
29720,150.1252661,2.3213422,,2.5
106253,150.1730185,2.2805185,,5.47
104421,150.1491994,2.2765431,,5.14
134824,150.1504215,2.3412495,,4.81
101695,150.1847132,2.2704418,,2.47
21133,150.1435327,2.364495,,2.47
23791,150.1515986,2.3511775,,2.47
27426,150.1740399,2.3330441,,2.44
28249,150.1626894,2.3287179,,2.44
51365,150.1193375,2.2026406,,2.41
35942,150.0627402,2.2905047,,2.41
40160,150.0975771,2.269269,,2.41
96182,150.0666857,2.2585502,,2.41
33826,150.1604525,2.3012787,,2.41
12396,150.0821399,2.4113845,,2.41
17608,150.130693,2.3821034,,2.41
19867,150.0995588,2.3707211,,2.41
17892,150.1820091,2.3806517,,2.41
6473,150.1390218,2.4526001,,2.41
10886,150.1394402,2.4205479,,2.41
83998,150.1261241,2.2284255,,5.41
86282,150.1391597,2.2343995,,3.91
32553,150.1766776,2.3073802,,2.38
10195,150.1102119,2.4254519,,2.38
28812,150.1636194,2.3259477,,2.35
7066,150.1737245,2.4484209,,1.33
79909,150.1444236,2.2175932,,6.7
85838,150.1405845,2.233226,,6.64
202024,150.1399729,2.260018,,6.43
49294,150.1364152,2.2152991,,2.32
41586,150.1353057,2.2617307,,2.32
38788,150.0616801,2.2765058,,2.32
30877,150.1298158,2.3157009,,2.32
11748,150.1101462,2.4154431,,2.32
13302,150.1314579,2.4060266,,2.32
187748,150.0889802,2.4056937,,2.32
142252,150.2010409,2.3553489,,2.32
167093,150.1284051,2.4683437,,2.32
48096,150.1476123,2.222439,,2.29
50864,150.1569922,2.2060163,,2.29
55743,150.132368,2.1682635,,2.29
64116,150.1303215,2.1667035,,2.29
70831,150.1251206,2.1927751,,2.29
80759,150.1466476,2.2199421,,2.29
44101,150.1613191,2.2474453,,2.29
100391,150.1854504,2.2675578,,2.29
41170,150.0717175,2.2639134,,2.29
41529,150.0787669,2.2620492,,2.29
44240,150.0822642,2.2465464,,2.29
45632,150.0776438,2.2381919,,2.29
97790,150.1129915,2.2620023,,2.29
109239,150.0953587,2.2866549,,2.29
10649,150.1256138,2.4220853,,2.29
24109,150.1559652,2.3496274,,2.29
24600,150.1647238,2.3472523,,2.29
134550,150.1763602,2.3406924,,2.29
9985,150.1508447,2.4270013,,2.29
165552,150.1629353,2.4760473,,2.29
32126,150.1664081,2.3096002,,1.3
6563,150.1740184,2.4520254,,1.27
104640,150.1075031,2.2770545,,5.71
154852,150.1011191,2.3813332,,5.65
106798,150.1321984,2.2815973,,4.93
72650,150.111469,2.1983989,,4.87
101627,150.1129428,2.2703304,,4.39
87688,150.0691876,2.2380676,,4.33
153516,150.1833445,2.3783624,,3.76
64761,150.1261164,2.1697185,,2.26
43887,150.1851732,2.2486478,,2.26
102481,150.0586632,2.2722038,,2.26
36160,150.1329025,2.2896852,,2.26
137488,150.1911774,2.3464813,,2.26
177967,150.1743099,2.4338743,,2.26
48180,150.1336776,2.2218537,,2.23
55542,150.1265163,2.1702242,,2.23
56182,150.1160999,2.1648029,,2.23
47127,150.151119,2.2288405,,2.23
115805,150.1215437,2.3006897,,2.23
13137,150.1307841,2.4069699,,2.23
17206,150.1212209,2.3842856,,2.23
7975,150.1607229,2.441744,,2.23
179847,150.1413687,2.4278664,,2.23
68006,150.1256768,2.1836431,,2.2
33855,150.0760546,2.3010074,,2.2
6524,150.1236316,2.4522888,,2.2
97328,150.1007457,2.2611129,,5.95
179898,150.1409492,2.4283237,,4.9
85097,150.1438352,2.231398,,4.12
133072,150.1644709,2.3375781,,3.4
67472,150.1509678,2.1816255,,2.41
152047,150.0973561,2.3751517,,2.26
50768,150.1050634,2.2066401,,2.17
64140,150.1310704,2.1667857,,2.17
44340,150.1830246,2.2459115,,2.17
44056,150.0822036,2.2476708,,2.17
96865,150.0997188,2.2600819,,2.17
151655,150.0959161,2.374335,,2.17
4246,150.1327171,2.4703482,,2.17
53276,150.1508182,2.1894947,,2.14
81787,150.1276616,2.2225201,,2.14
36976,150.1778484,2.2853996,,2.14
44059,150.0812121,2.2476529,,2.14
38664,150.1433659,2.2770445,,2.14
11192,150.087542,2.418526,,2.14
15017,150.1360247,2.3965939,,2.14
17077,150.0874362,2.3850776,,2.14
6256,150.118473,2.454389,,2.14
84245,150.1270259,2.2290282,,6.07
124783,150.1524396,2.3200069,,5.68
95308,150.1110145,2.25669,,3.97
118090,150.1314621,2.3052162,,3.73
141784,150.2001164,2.3545382,,3.55
173276,150.1214235,2.4477805,,3.49
189626,150.1276396,2.4012198,,2.26
71773,150.1476395,2.1956106,,2.11
36667,150.1799704,2.2867416,,2.11
39083,150.1487657,2.2748604,,2.11
24354,150.1588845,2.348467,,2.11
44115,150.1614693,2.2473665,,2.08
43977,150.0711119,2.2480785,,2.08
37512,150.1401411,2.2827532,,2.08
15230,150.1191382,2.3954336,,2.08
20730,150.09936,2.3665422,,2.08
21568,150.2006732,2.36222,,2.08
5973,150.1172442,2.4564843,,2.08
7925,150.1477135,2.442135,,2.08
52514,150.1037344,2.1948875,,2.05
55244,150.1188087,2.1731893,,2.05
35566,150.1625825,2.2926821,,2.05
41267,150.1400698,2.263152,,2.05
89433,150.1493417,2.2421108,,2.05
42230,150.0636748,2.2581463,,2.05
45014,150.0819426,2.2416943,,2.05
94730,150.067955,2.2553451,,2.05
25369,150.1608475,2.3435407,,2.05
28221,150.1552999,2.3286943,,2.05
17740,150.0971902,2.3815243,,2.05
20152,150.0969382,2.3694136,,2.05
24289,150.1909953,2.3486963,,2.05
153767,150.1801443,2.3788553,,2.05
54225,150.1207791,2.1824295,,1.09
131896,150.1442261,2.3345202,,6.16
111501,150.1772865,2.2916465,,4.84
100091,150.1132498,2.2669079,,4.24
85711,150.1474506,2.23294,,3.88
182286,150.1475462,2.4196246,,3.79
153264,150.0948016,2.3777837,,3.04
104005,150.1397778,2.2755378,,2.62
120976,150.1406031,2.3117569,,2.26
54319,150.1467668,2.1815368,,2.02
55515,150.1183983,2.1704954,,2.02
56166,150.1158859,2.1648679,,2.02
35428,150.1618302,2.2935086,,2.02
40052,150.0609213,2.2696535,,2.02
42759,150.1165566,2.2551558,,2.02
39486,150.1376603,2.2725822,,2.02
20853,150.1898085,2.3658747,,2.02
6171,150.1346467,2.4549394,,2.02
55545,150.117492,2.1701933,,1.99
55905,150.1312804,2.1668998,,1.99
33804,150.1724942,2.3011942,,1.99
35844,150.0843576,2.2914358,,1.99
107675,150.1395106,2.2834434,,1.99
17452,150.0937631,2.3830436,,1.99
20494,150.0907585,2.3677231,,1.99
8829,150.1753826,2.4351421,,1.99
35212,150.1659445,2.2945023,,1.96
36241,150.0881247,2.2891721,,1.96
14763,150.1352511,2.3978246,,1.96
20243,150.1060893,2.3685502,,1.96
166816,150.1303841,2.4696009,,1.96
176879,150.1788052,2.4362474,,1.96
133338,150.1519755,2.3380685,,6.67
128342,150.1305715,2.3275667,,6.1
64759,150.1252902,2.169718,,5.8
103029,150.1009112,2.2734471,,5.74
128608,150.1685487,2.32807,,4.6
149418,150.1080194,2.3698466,,4.18
68159,150.1171811,2.1842565,,3.76
93939,150.1038793,2.2533122,,3.43
56102,150.1189537,2.1653427,,1.93
32567,150.0960156,2.3072834,,1.93
49777,150.1138327,2.2123534,,1.9
50439,150.0967629,2.2085219,,1.9
51751,150.1468398,2.2001247,,1.9
37330,150.14149,2.28375,,1.9
41535,150.1831106,2.261987,,1.9
27398,150.1482133,2.3331977,,1.9
35385,150.1354354,2.2937878,,1.9
15351,150.1184609,2.3947346,,1.9
155733,150.1022937,2.3833203,,1.9
55564,150.1337987,2.1698696,,1.87
68667,150.109999,2.1859981,,1.87
45847,150.1670485,2.2369491,,1.87
38205,150.1415286,2.2793493,,1.87
7009,150.1791391,2.4488844,,1.87
177212,150.1804202,2.4359026,,1.87
110588,150.1737429,2.2894837,,4.84
174920,150.1438889,2.4418748,,4.84
103969,150.1395683,2.2754678,,4.78
136267,150.1914346,2.3441604,,2.26
49512,150.1419238,2.2139461,,1.84
50980,150.1544057,2.2052907,,1.84
45494,150.143922,2.2389377,,1.84
97090,150.0987872,2.2605752,,1.84
33347,150.1618255,2.3032643,,1.84
128093,150.1300194,2.3270098,,1.84
16619,150.0952892,2.3864545,,1.84
17473,150.1381286,2.382752,,1.84
148888,150.108979,2.3689106,,1.84
6443,150.1349947,2.4529249,,1.84
6754,150.1627014,2.4505833,,1.84
178935,150.1723362,2.4310806,,1.84
49293,150.0966698,2.2152902,,1.81
35951,150.1667959,2.2908992,,1.81
119713,150.1738079,2.30886,,1.81
16643,150.0988782,2.3873497,,1.81
51019,150.1040161,2.2049541,,1.78
54175,150.1244511,2.182701,,1.78
43414,150.1817383,2.251534,,1.78
45396,150.1527159,2.2394537,,1.78
45195,150.0800128,2.2407342,,1.78
108834,150.0970739,2.2857836,,1.78
29983,150.1199017,2.3201044,,1.78
32209,150.1712623,2.3092161,,1.78
32214,150.1646585,2.3091821,,1.78
35430,150.1473286,2.2935434,,1.78
14764,150.1351813,2.3978129,,1.78
94469,150.1774227,2.254653,,4.0
100779,150.0979478,2.2683774,,2.56
54719,150.121544,2.1781591,,1.75
55706,150.1217756,2.1686172,,1.75
55784,150.1281023,2.167851,,1.75
42839,150.1594594,2.2547625,,1.75
44725,150.1571206,2.2435628,,1.75
99382,150.1506653,2.2653527,,1.75
33352,150.0833872,2.3034137,,1.75
35850,150.0629953,2.2914232,,1.75
36700,150.0872186,2.2866984,,1.75
39574,150.0708737,2.2721855,,1.75
42760,150.1163776,2.255053,,1.75
42827,150.0833962,2.2547199,,1.75
27359,150.1671635,2.3334303,,1.75
29235,150.1509733,2.3238076,,1.75
34624,150.1382018,2.2974502,,1.75
36685,150.1717651,2.2866717,,1.75
38207,150.1545278,2.2793495,,1.75
9220,150.1109751,2.4324607,,1.75
11400,150.1255848,2.4172957,,1.75
14023,150.0757635,2.4020532,,1.75
16632,150.1337173,2.3875044,,1.75
20425,150.0972131,2.3681313,,1.75
179475,150.1130781,2.4333727,,1.75
15613,150.1834194,2.3932185,,1.75
18196,150.1529764,2.3790684,,1.75
23484,150.1923388,2.3526603,,1.75
146706,150.1827383,2.364337,,1.75
3393,150.1477307,2.4786162,,1.75
6393,150.1403601,2.4532553,,1.75
6471,150.1396329,2.4526992,,1.75
49217,150.0988523,2.2156799,,1.72
52187,150.1031459,2.197084,,1.72
73707,150.1029004,2.2012097,,1.72
79284,150.1515704,2.2160994,,1.72
42054,150.1912978,2.25918,,1.72
42900,150.1794388,2.2544101,,1.72
46549,150.1513639,2.2327701,,1.72
104441,150.1518886,2.276583,,1.72
40078,150.0629072,2.2695616,,1.72
43830,150.0621066,2.2489605,,1.72
45307,150.0706584,2.2400106,,1.72
26547,150.1593043,2.3378455,,1.72
30812,150.1363104,2.3160438,,1.72
33595,150.1210356,2.3022662,,1.72
33647,150.1648604,2.3020644,,1.72
36655,150.1719284,2.2869133,,1.72
13783,150.0882216,2.4032238,,1.72
14392,150.0776284,2.3999127,,1.72
14731,150.0905384,2.3979958,,1.72
16540,150.1547012,2.388019,,1.72
3295,150.1514151,2.4794584,,1.72
6357,150.1260846,2.4533505,,1.72
8206,150.134941,2.439956,,1.72
8322,150.1686905,2.4390656,,1.72
8708,150.1805999,2.436081,,1.72
9123,150.1389175,2.4331992,,1.72
167463,150.1539405,2.471641,,1.72
47484,150.133819,2.2263861,,1.69
51108,150.1187827,2.2043664,,1.69
51964,150.1420888,2.1986109,,1.69
55080,150.1227898,2.1748061,,1.69
55254,150.1162133,2.1731303,,1.69
37477,150.1322961,2.2830008,,1.69
37734,150.1468095,2.281743,,1.69
38985,150.1304262,2.2754856,,1.69
39583,150.1512518,2.272133,,1.69
46303,150.1563427,2.2341667,,1.69
33194,150.0937324,2.3040864,,1.69
36347,150.0560627,2.2884801,,1.69
39500,150.0603023,2.2726601,,1.69
41545,150.0784755,2.2618837,,1.69
25617,150.1605546,2.3421959,,1.69
27952,150.1453683,2.3299708,,1.69
28041,150.1307869,2.3296628,,1.69
28268,150.1342125,2.3285429,,1.69
32624,150.1587157,2.3069915,,1.69
35715,150.1311171,2.2920292,,1.69
10344,150.1188491,2.4363819,,1.69
16484,150.0903908,2.3883314,,1.69
16915,150.1382123,2.3859785,,1.69
19191,150.0975766,2.3737839,,1.69
156149,150.0992134,2.3842854,,1.69
25348,150.1745432,2.3436218,,1.69
138095,150.2053973,2.3476247,,1.69
3113,150.1518998,2.4811039,,1.69
3219,150.1658476,2.4801041,,1.69
3490,150.1441374,2.4776878,,1.69
4538,150.1718999,2.4679549,,1.69
49055,150.1359008,2.216697,,1.66
49425,150.1058675,2.2143837,,1.66
49737,150.1132981,2.2126313,,1.66
50638,150.1184595,2.2074513,,1.66
52101,150.1440465,2.1978316,,1.66
53536,150.1508977,2.1877299,,1.66
37424,150.1615259,2.2833346,,1.66
85478,150.1504598,2.2323266,,1.66
44793,150.0712127,2.2431455,,1.66
32397,150.1335563,2.3082491,,1.66
38684,150.1384101,2.2765644,,1.66
11089,150.121277,2.4193916,,1.66
11186,150.0820626,2.4187297,,1.66
12245,150.0737918,2.4122763,,1.66
15464,150.1330243,2.3942172,,1.66
17507,150.137134,2.3826722,,1.66
179318,150.1195139,2.4286984,,1.66
18241,150.1778018,2.3789042,,1.66
20883,150.1975278,2.365747,,1.66
23195,150.1968542,2.3540645,,1.66
6684,150.1320997,2.4511129,,1.66
6744,150.1638198,2.450679,,1.66
7347,150.121075,2.4461504,,1.66
37938,150.1329727,2.2808046,,1.63
43012,150.0679408,2.2537735,,1.63
32596,150.1282991,2.3071218,,1.63
32753,150.1292576,2.306435,,1.63
34444,150.1770054,2.2977578,,1.63
34477,150.1422423,2.2982331,,1.63
16887,150.0881648,2.3861158,,1.63
155700,150.190568,2.3832427,,1.63
5052,150.1260024,2.4634311,,1.63
99455,150.0996981,2.2654938,,6.88
119550,150.1316718,2.3084654,,6.61
148561,150.1031588,2.3682369,,6.16
125214,150.1587142,2.3208232,,4.9
130957,150.1460673,2.3328637,,4.72
125366,150.1528446,2.3211321,,4.57
75538,150.1574403,2.2065922,,3.97
157581,150.152781,2.3873624,,3.7
107806,150.0876584,2.2837183,,3.4
111333,150.0911461,2.2912902,,2.77
75957,150.1177584,2.2076466,,2.29
90105,150.0702849,2.2437773,,2.29
55646,150.1217818,2.1692,,1.6
45869,150.1689033,2.2368705,,1.6
29354,150.1566536,2.3230828,,1.6
35739,150.1757535,2.2919266,,1.6
10559,150.1076042,2.4228795,,1.6
17104,150.1355043,2.3847972,,1.6
18465,150.1850074,2.3774094,,1.6
23657,150.1506069,2.3516912,,1.6
4423,150.1304534,2.4689036,,1.6
5754,150.1258147,2.4579405,,1.6
49102,150.1475299,2.2162731,,1.57
37977,150.1275843,2.280621,,1.57
101293,150.1443569,2.2696346,,1.57
37431,150.0525674,2.2832661,,1.57
42939,150.0640914,2.2539856,,1.57
32888,150.1327283,2.3056638,,1.57
35154,150.1359002,2.2948102,,1.57
130870,150.1677176,2.3326998,,1.57
16497,150.1805231,2.3882208,,1.57
3426,150.1484698,2.4783651,,1.57
4298,150.1662098,2.4701683,,1.57
48367,150.1115663,2.2205762,,1.54
54693,150.1119264,2.1783436,,1.54
35060,150.1594957,2.2953148,,1.54
34529,150.177439,2.2980147,,1.54
38683,150.13852,2.2766061,,1.54
112387,150.1492294,2.2936462,,1.54
11332,150.1071447,2.4178639,,1.54
13756,150.1278274,2.4032881,,1.54
152915,150.1255345,2.3770036,,1.54
184174,150.1276588,2.4155646,,1.54
18458,150.1771684,2.3776864,,1.54
26946,150.1786055,2.3356319,,1.54
3327,150.1487088,2.4791151,,1.54
6911,150.1252841,2.4495985,,1.54
54132,150.1216289,2.1831755,,1.51
54360,150.1339112,2.1812579,,1.51
75314,150.1137027,2.205874,,1.51
36827,150.1645534,2.2860858,,1.51
106975,150.1712369,2.2819421,,1.51
38720,150.0626997,2.2767922,,1.51
39365,150.0977168,2.2732966,,1.51
42668,150.0801384,2.2557301,,1.51
28690,150.1215704,2.3263916,,1.51
29298,150.1650864,2.323567,,1.51
122678,150.1348143,2.3155702,,1.51
11259,150.0861887,2.4181377,,1.51
15810,150.1373204,2.392074,,1.51
179337,150.1197566,2.4352703,,1.51
27335,150.1679817,2.333025,,1.51
141282,150.2008604,2.3535603,,1.51
6152,150.1416353,2.4547187,,1.51
9714,150.1340252,2.4290695,,1.51
156254,150.1345033,2.3845049,,4.87
116502,150.083384,2.3020246,,3.43
40989,150.0755498,2.2647791,,1.48
26527,150.1447,2.3378137,,1.48
11231,150.1227128,2.4185471,,1.48
11418,150.0765713,2.4171359,,1.48
11562,150.0837545,2.4163637,,1.48
21041,150.0971777,2.3650208,,1.48
17131,150.1916045,2.3845662,,1.48
50847,150.1007317,2.2057617,,1.45
56162,150.1162887,2.1649121,,1.45
36186,150.0802556,2.2895202,,1.45
41002,150.092694,2.2647682,,1.45
43703,150.0847419,2.2496805,,1.45
10813,150.0890294,2.4210493,,1.45
15616,150.1365842,2.3931009,,1.45
25053,150.1511869,2.3450028,,1.45
50739,150.1114404,2.2065187,,1.42
55311,150.1179272,2.1732915,,1.42
45994,150.1636994,2.2361182,,1.42
38708,150.1075609,2.2768258,,1.42
42549,150.1187713,2.2563894,,1.42
104575,150.0600445,2.2769079,,1.42
32353,150.1342178,2.3084209,,1.42
11561,150.0838542,2.4163887,,1.42
16297,150.1290049,2.3889868,,1.42
20664,150.1444739,2.3668721,,1.42
23953,150.1989151,2.3503801,,1.42
27943,150.1632647,2.3301837,,1.42
8620,150.1327608,2.4365683,,1.42
191494,150.1597097,2.4494038,,1.42
49589,150.1353021,2.213525,,1.39
51148,150.0997904,2.2032453,,1.39
40099,150.1505925,2.2695452,,1.39
113434,150.1605754,2.295752,,1.39
43557,150.0664428,2.2502942,,1.39
11115,150.117831,2.4189355,,1.39
17160,150.1443349,2.3844237,,1.39
25220,150.1729642,2.3443484,,1.39
55687,150.1315436,2.1688101,,1.36
34644,150.1701326,2.2973547,,1.36
38431,150.1748274,2.2782348,,1.36
38849,150.1047372,2.2760029,,1.36
101202,150.1124879,2.2694098,,1.36
12016,150.0738818,2.4137971,,1.36
14264,150.1163472,2.4006843,,1.36
192659,150.0904954,2.4013106,,1.36
14640,150.1854229,2.3983443,,1.36
23107,150.1972438,2.35459,,1.36
26552,150.1768531,2.3377443,,1.36
7764,150.1599251,2.4432439,,1.36
48995,150.145337,2.2169632,,1.33
51813,150.1428989,2.1997109,,1.33
55104,150.1343494,2.1745449,,1.33
38452,150.1697001,2.2781687,,1.33
106185,150.1685766,2.280354,,1.33
34344,150.0903518,2.2988457,,1.33
35881,150.0594253,2.2910869,,1.33
42103,150.1109238,2.2589425,,1.33
43223,150.1054899,2.2526983,,1.33
45134,150.0716227,2.241036,,1.33
98539,150.0739617,2.2636065,,1.33
113725,150.0817595,2.2963412,,1.33
25003,150.1617671,2.3453016,,1.33
27083,150.158135,2.3348616,,1.33
27996,150.1604243,2.3298844,,1.33
31106,150.1229547,2.3147133,,1.33
35411,150.1490409,2.2935714,,1.33
128977,150.1701209,2.3287236,,1.33
16188,150.130016,2.390102,,1.33
17492,150.0953068,2.3827883,,1.33
17602,150.0848527,2.3823762,,1.33
19575,150.101442,2.3721067,,1.33
157587,150.0858096,2.3873709,,1.33
24517,150.1965431,2.3476277,,1.33
24561,150.165106,2.3474758,,1.33
26511,150.1782329,2.3379905,,1.33
27640,150.1606931,2.3317592,,1.33
138691,150.1922327,2.348826,,1.33
4419,150.1621051,2.4689985,,1.33
7891,150.1611298,2.442242,,1.33
138241,150.1541516,2.3479356,,6.7
154514,150.1420699,2.3804782,,4.87
181773,150.1499935,2.4204512,,4.87
171699,150.1762378,2.4537682,,4.63
128550,150.1303041,2.3279449,,3.43
100814,150.1322258,2.2684884,,3.4
154875,150.1579801,2.3813695,,2.68
109654,150.0838678,2.2875058,,2.47
105074,150.1750672,2.2780405,,1.54
118278,150.0954467,2.3056293,,1.54
50914,150.1578962,2.2056666,,1.3
52465,150.1097715,2.1952465,,1.3
53814,150.1194787,2.1858237,,1.3
55133,150.1255175,2.1743157,,1.3
73900,150.1580374,2.2017927,,1.3
34815,150.1643276,2.2965655,,1.3
45410,150.1641362,2.2394003,,1.3
94208,150.1512086,2.2540464,,1.3
27040,150.1467435,2.3350817,,1.3
29161,150.1123798,2.3241431,,1.3
30874,150.1387891,2.3160718,,1.3
33944,150.1660814,2.3007257,,1.3
34111,150.1729628,2.2998612,,1.3
34190,150.16113,2.2995234,,1.3
38256,150.1519854,2.279056,,1.3
113281,150.1668161,2.2954056,,1.3
124333,150.1347511,2.3190509,,1.3
190792,150.117283,2.399221,,1.3
15852,150.1683627,2.3918559,,1.3
20864,150.1578416,2.3659252,,1.3
22938,150.2016336,2.3554491,,1.3
22998,150.1922686,2.3551372,,1.3
8194,150.1435922,2.4398996,,1.3
8790,150.1356926,2.435485,,1.3
53989,150.1151869,2.1845059,,1.27
42930,150.1606491,2.254254,,1.27
100743,150.15194,2.2682966,,1.27
36842,150.0820106,2.2859976,,1.27
43240,150.0681708,2.2524354,,1.27
96690,150.0969023,2.2597133,,1.27
102743,150.0702338,2.2728191,,1.27
29032,150.1322941,2.3248265,,1.27
31574,150.1752521,2.3124835,,1.27
17475,150.1398808,2.3829127,,1.27
17703,150.1232829,2.3815496,,1.27
15661,150.1693292,2.3929815,,1.27
17405,150.1407382,2.3832337,,1.27
19838,150.1998733,2.3709444,,1.27
4523,150.1231012,2.467733,,1.27
8528,150.1361854,2.437221,,1.27
79845,150.106068,2.2174104,,1.24
32872,150.0975052,2.3057998,,1.24
42725,150.1141442,2.2553367,,1.24
29250,150.1124318,2.3234428,,1.24
116404,150.1216816,2.3018215,,1.24
11932,150.0803107,2.4143392,,1.24
14145,150.1214926,2.4013851,,1.24
14245,150.1226533,2.4008218,,1.24
17854,150.097195,2.3808594,,1.24
156464,150.0861898,2.3850188,,1.24
7107,150.1635649,2.4481577,,1.24
7770,150.1736489,2.4432095,,1.24
51457,150.1151368,2.2021805,,1.21
41043,150.1752667,2.2645581,,1.21
41284,150.1418719,2.2632779,,1.21
46239,150.1664968,2.2345969,,1.21
86965,150.1481666,2.2362972,,1.21
9464,150.1172574,2.430704,,1.21
16592,150.1190552,2.3877864,,1.21
17111,150.1377404,2.3845696,,1.21
17245,150.0908818,2.3841105,,1.21
16190,150.1725172,2.390065,,1.21
23853,150.1669296,2.3509123,,1.21
37890,150.1758219,2.2810692,,1.18
41852,150.1775273,2.2603469,,1.18
40106,150.0576541,2.2695055,,1.18
44641,150.0619132,2.2497582,,1.18
14162,150.0860042,2.4009338,,1.18
16548,150.1007407,2.387951,,1.18
19939,150.1051423,2.3704114,,1.18
24222,150.160024,2.3487875,,1.18
9384,150.1779335,2.431473,,1.18
50585,150.1032486,2.2079805,,1.15
65396,150.1219713,2.1726715,,1.15
67222,150.1285658,2.1805609,,1.15
37510,150.1365147,2.2828691,,1.15
41168,150.1745611,2.2638739,,1.15
39393,150.1045994,2.2731429,,1.15
39850,150.0579169,2.2707087,,1.15
45433,150.0748194,2.2392543,,1.15
45568,150.0768024,2.2385081,,1.15
29015,150.1531032,2.3249056,,1.15
35021,150.140515,2.2953807,,1.15
10091,150.11343,2.4262654,,1.15
14180,150.1221278,2.4011971,,1.15
27997,150.1638311,2.3298614,,1.15
131649,150.1586774,2.3342921,,1.15
147470,150.1861872,2.3659306,,1.15
7196,150.1231415,2.4474454,,1.15
8734,150.1304722,2.4358592,,1.15
9566,150.17741,2.4299856,,1.15
54833,150.1488308,2.1773534,,1.12
41425,150.144263,2.262594,,1.12
36928,150.0950776,2.2863635,,1.12
37315,150.0902285,2.2838087,,1.12
35045,150.1283726,2.295466,,1.12
8881,150.119256,2.4347076,,1.12
10446,150.0873375,2.4235802,,1.12
17129,150.085629,2.3847153,,1.12
20380,150.09754,2.3683092,,1.12
6239,150.1373715,2.4545029,,1.12
6472,150.1391652,2.4526766,,1.12
51941,150.1065803,2.1989091,,1.09
64965,150.1285609,2.1708004,,1.09
37866,150.1266545,2.2811665,,1.09
38146,150.0621072,2.268784,,1.09
38314,150.0580816,2.2788385,,1.09
39798,150.0583376,2.2709887,,1.09
42883,150.1133919,2.2544366,,1.09
43020,150.0624682,2.2536549,,1.09
26647,150.1511727,2.3373165,,1.09
28687,150.1615085,2.3265502,,1.09
30281,150.1291115,2.3186404,,1.09
181014,150.1037906,2.4248868,,1.09
25938,150.1520388,2.3407171,,1.09
156027,150.1937752,2.3839697,,1.09
5727,150.1158038,2.4582283,,1.09
8449,150.1836914,2.43811,,1.09
156537,150.1378501,2.3851909,,4.45
115010,150.0906939,2.2989835,,3.97
126325,150.16536,2.3232926,,3.85
88828,150.0708284,2.2406123,,3.79
80348,150.1149919,2.2188469,,3.58
139632,150.202593,2.3505318,,3.4
146647,150.1438691,2.3642375,,2.62
96299,150.1003462,2.2588229,,2.29
110343,150.1768429,2.2889188,,2.29
52174,150.1028634,2.1972043,,1.06
68199,150.1520009,2.1844297,,1.06
78542,150.1405593,2.2142599,,1.06
78771,150.1358033,2.2148522,,1.06
37684,150.1316841,2.2821874,,1.06
42801,150.1597401,2.2549131,,1.06
36620,150.0651257,2.2870762,,1.06
40049,150.0934021,2.2696948,,1.06
45015,150.0821744,2.2417978,,1.06
29162,150.1479892,2.3241442,,1.06
29688,150.1619775,2.3215209,,1.06
32208,150.1392137,2.3091842,,1.06
32398,150.1277517,2.308244,,1.06
34842,150.1815281,2.2964967,,1.06
126988,150.1555975,2.3246343,,1.06
14217,150.1190215,2.4009677,,1.06
14718,150.1132193,2.3981914,,1.06
19152,150.093488,2.3739422,,1.06
19220,150.094018,2.3737522,,1.06
20323,150.1050559,2.3686699,,1.06
155245,150.1308754,2.38218,,1.06
185703,150.0823738,2.4104261,,1.06
24147,150.1482806,2.3494776,,1.06
8281,150.1783671,2.4393856,,1.06
9319,150.1287451,2.4319099,,1.06
162734,150.1619404,2.4864966,,1.06
163363,150.1595316,2.4845001,,1.06
164543,150.1581232,2.4806831,,1.06
51366,150.1515491,2.2027459,,1.03
52739,150.1425387,2.1927498,,1.03
36811,150.1767665,2.2861764,,1.03
46376,150.1567944,2.2337137,,1.03
46843,150.1564374,2.2306087,,1.03
98623,150.1823214,2.2637668,,1.03
40069,150.0573922,2.2696728,,1.03
43807,150.0609033,2.2490724,,1.03
13575,150.125338,2.4044415,,1.03
155886,150.1260097,2.3836366,,1.03
193500,150.0861981,2.3979945,,1.03
18245,150.193462,2.3788649,,1.03
4985,150.1526705,2.4638804,,1.03
52416,150.102454,2.1956016,,1.0
40968,150.0986524,2.2649335,,1.0
14575,150.1214022,2.3989091,,1.0
17896,150.1529437,2.3806262,,1.0
22876,150.2009801,2.3557858,,1.0
166879,150.1229566,2.4685879,,1.0
46824,150.1484071,2.2307105,,0.97
47883,150.1147314,2.2237702,,0.97
49109,150.1547057,2.2163488,,0.97
52332,150.1462374,2.1960626,,0.97
101557,150.1487073,2.2701858,,0.97
35166,150.1018836,2.2947401,,0.97
40096,150.0577755,2.269545,,0.97
40585,150.0590408,2.2668872,,0.97
44985,150.0689964,2.2418943,,0.97
36018,150.167033,2.2904418,,0.97
131478,150.1656358,2.3339443,,0.97
4631,150.1173817,2.4670549,,0.97
164384,150.1568023,2.479976,,0.97
53730,150.1532992,2.186275,,0.94
54323,150.1522014,2.1815934,,0.94
72554,150.1189337,2.1981299,,0.94
79522,150.0993544,2.2166462,,0.94
41100,150.1737673,2.2641791,,0.94
41802,150.1741372,2.2605358,,0.94
92498,150.0728405,2.2496635,,0.94
26057,150.1553684,2.3401367,,0.94
31873,150.1309532,2.310693,,0.94
35336,150.1715442,2.2939055,,0.94
36051,150.1717828,2.2902498,,0.94
8923,150.1195544,2.4345434,,0.94
9705,150.1041848,2.4219305,,0.94
11148,150.1162054,2.4190711,,0.94
11990,150.1256962,2.4138956,,0.94
13054,150.0723659,2.4073942,,0.94
13456,150.0922162,2.4051148,,0.94
13969,150.1339037,2.402258,,0.94
15722,150.1373775,2.3927077,,0.94
188959,150.1236684,2.4029376,,0.94
18448,150.1375721,2.3777303,,0.94
21098,150.1941258,2.3647794,,0.94
6221,150.1760257,2.4546542,,0.94
6295,150.1712239,2.4537727,,0.94
8876,150.1258269,2.4349055,,0.94
177187,150.1324108,2.4358467,,0.94
47889,150.1144411,2.2237442,,0.91
51202,150.1178435,2.2038542,,0.91
51570,150.1467677,2.2009826,,0.91
51842,150.1410616,2.1986681,,0.91
53726,150.1199478,2.1864329,,0.91
55810,150.114654,2.1676922,,0.91
43654,150.1405245,2.2500146,,0.91
36895,150.0923165,2.2857553,,0.91
41150,150.1038703,2.2640236,,0.91
42681,150.1152553,2.2556461,,0.91
43033,150.0621727,2.253533,,0.91
26571,150.1443784,2.3377192,,0.91
9809,150.1016813,2.42804,,0.91
14711,150.0813669,2.3981963,,0.91
4368,150.1202349,2.4694416,,0.91
7207,150.1619165,2.4471635,,0.91
7720,150.124844,2.4434551,,0.91
167089,150.1576145,2.4682709,,0.91
48566,150.1042867,2.2193959,,0.88
52247,150.1493307,2.1965375,,0.88
37982,150.1647575,2.2803669,,0.88
45457,150.1494348,2.2391916,,0.88
39033,150.057564,2.2751468,,0.88
39335,150.1114415,2.2734745,,0.88
27565,150.1685929,2.3320926,,0.88
13961,150.1279119,2.4023385,,0.88
17082,150.1376045,2.3850817,,0.88
192101,150.120378,2.3979266,,0.88
20371,150.1944621,2.3683145,,0.88
48990,150.1089121,2.216978,,0.85
52324,150.1411286,2.1961564,,0.85
52405,150.1478286,2.1956979,,0.85
54568,150.1305939,2.1795575,,0.85
55552,150.1378132,2.1700134,,0.85
43250,150.1503712,2.2524341,,0.85
36847,150.0959811,2.2859908,,0.85
38184,150.0720058,2.279435,,0.85
38815,150.0688846,2.2762828,,0.85
43095,150.1036009,2.2532234,,0.85
26863,150.1520374,2.3359888,,0.85
28988,150.1485358,2.3246213,,0.85
33202,150.1280331,2.3041682,,0.85
10535,150.0835091,2.4223464,,0.85
14513,150.1151143,2.3991688,,0.85
14559,150.1163199,2.3989661,,0.85
19494,150.1030309,2.3725155,,0.85
20345,150.1048767,2.368554,,0.85
6920,150.1198997,2.449554,,0.85
9441,150.1776253,2.4307965,,0.85
9940,150.170502,2.4273457,,0.85
46720,150.1481632,2.2315022,,0.82
49760,150.0957827,2.212533,,0.82
51952,150.1430991,2.1987146,,0.82
38477,150.1278229,2.2778468,,0.82
39729,150.1303312,2.2714202,,0.82
45028,150.144286,2.2415305,,0.82
26470,150.150171,2.3381749,,0.82
35599,150.1426194,2.2926432,,0.82
39377,150.1411891,2.2729625,,0.82
10244,150.1048286,2.4250847,,0.82
12228,150.1149621,2.4124298,,0.82
144501,150.191669,2.3598214,,0.82
150359,150.1995805,2.371658,,0.82
2796,150.1553596,2.484041,,0.82
8083,150.1807155,2.4409369,,0.82
46723,150.1310693,2.2314629,,0.01
2967,150.1566575,2.482492,,0.01
185439,150.1075614,2.4116146,,4.12
121044,150.1363045,2.3119311,,3.43
99323,150.1350378,2.2652141,,2.62
113101,150.1648476,2.2949986,,1.72
176581,150.1421941,2.4372419,,1.54
80449,150.1479389,2.2190869,,1.33
95870,150.0641318,2.2578529,,1.06
99378,150.0952839,2.2653418,,1.03
111746,150.0643378,2.2921821,,0.97
133511,150.1581084,2.3384387,,0.97
185868,150.1431102,2.415297,,0.94
105133,150.1708441,2.2781518,,0.85
51688,150.1042568,2.200677,,0.79
68008,150.1313886,2.1836521,,0.79
86214,150.1376216,2.2342445,,0.79
36135,150.165333,2.2893955,,0.79
34167,150.0757653,2.2994265,,0.79
36865,150.0951204,2.2858911,,0.79
36941,150.0906176,2.2851658,,0.79
43642,150.0983175,2.250044,,0.79
28849,150.1273573,2.3257748,,0.79
28966,150.1532054,2.325158,,0.79
32257,150.1681987,2.308751,,0.79
35517,150.1823037,2.2931296,,0.79
13561,150.1256453,2.4044948,,0.79
16324,150.101865,2.3893006,,0.79
192384,150.1146729,2.3979261,,0.79
22046,150.1914642,2.3597031,,0.79
147449,150.1946497,2.3658903,,0.79
6031,150.1411727,2.4560564,,0.79
48083,150.1478177,2.2225098,,0.76
54195,150.1176225,2.1826785,,0.76
80840,150.1096455,2.2201739,,0.76
40497,150.060179,2.2671487,,0.76
29220,150.1166724,2.3234312,,0.76
29592,150.1590345,2.322016,,0.76
9828,150.1040783,2.4281674,,0.76
11016,150.1133789,2.4199004,,0.76
20932,150.0933222,2.3655286,,0.76
184144,150.1217825,2.4146047,,0.76
20913,150.1893461,2.3655977,,0.76
3544,150.1655462,2.4771118,,0.76
4857,150.1577761,2.4650504,,0.76
10780,150.1323416,2.4211285,,0.76
171764,150.1672952,2.4533101,,0.76
182244,150.1486166,2.4217417,,0.76
78535,150.1459802,2.2142505,,0.73
36943,150.0907089,2.2845152,,0.73
41584,150.1065072,2.2617536,,0.73
117925,150.0899087,2.304878,,0.73
33324,150.1624836,2.3035222,,0.73
143397,150.187356,2.3578002,,0.73
147467,150.1946788,2.3659307,,0.73
159255,150.1907109,2.3910304,,0.73
8893,150.1824164,2.434735,,0.73
9005,150.1697933,2.4338772,,0.73
51254,150.1561869,2.2034229,,0.7
54304,150.1473468,2.1817671,,0.7
79784,150.099801,2.2172456,,0.7
36108,150.162455,2.289931,,0.7
38098,150.1277144,2.2800731,,0.7
38374,150.1511854,2.2780889,,0.7
45885,150.1622303,2.2366936,,0.7
94180,150.1497179,2.2539619,,0.7
105457,150.1705131,2.2788747,,0.7
106589,150.1709077,2.2812372,,0.7
26532,150.1503912,2.3376715,,0.7
29815,150.1505053,2.3209641,,0.7
37063,150.1659359,2.2850122,,0.7
116946,150.1642601,2.3028949,,0.7
10721,150.0845397,2.421558,,0.7
17336,150.1427242,2.3836658,,0.7
24252,150.1573774,2.3489378,,0.7
131317,150.1691075,2.3335801,,0.7
131579,150.1708058,2.3341537,,0.7
6685,150.1408662,2.4511054,,0.7
6818,150.1230657,2.4501658,,0.7
7884,150.1788567,2.4423429,,0.7
8925,150.1822098,2.4346294,,0.7
162826,150.1590104,2.4842799,,0.7
170393,150.1378484,2.457379,,0.7
46382,150.1428703,2.2334621,,0.67
48128,150.1282336,2.2219456,,0.67
48697,150.1534946,2.2187121,,0.67
53724,150.1252823,2.18642,,0.67
55051,150.1365167,2.1751659,,0.67
72489,150.1122745,2.1978898,,0.67
34496,150.1652836,2.298162,,0.67
37777,150.1296314,2.2816994,,0.67
108193,150.1371489,2.2844249,,0.67
36702,150.0644837,2.2867066,,0.67
38721,150.0657918,2.2768039,,0.67
41622,150.1043948,2.2613833,,0.67
42069,150.1138854,2.2590107,,0.67
42912,150.0989636,2.2542999,,0.67
44706,150.0689139,2.2436891,,0.67
93916,150.1124861,2.2532655,,0.67
104109,150.0645285,2.2757725,,0.67
26871,150.1538803,2.336029,,0.67
27340,150.1480331,2.333474,,0.67
27954,150.1494619,2.3301237,,0.67
128236,150.1267713,2.3273421,,0.67
13640,150.0865563,2.4040157,,0.67
20405,150.0927374,2.3681737,,0.67
182684,150.1116759,2.4157624,,0.67
22955,150.1691534,2.3549542,,0.67
27326,150.1648117,2.3335779,,0.67
27430,150.1660233,2.3318836,,0.67
129281,150.1605849,2.3293352,,0.67
144890,150.2034895,2.3605852,,0.67
147050,150.1913583,2.3650304,,0.67
3412,150.1459773,2.4782066,,0.67
4037,150.1692247,2.4723431,,0.67
4241,150.1320394,2.4705456,,0.67
4979,150.1592645,2.4639051,,0.67
6882,150.1659207,2.4497449,,0.67
7135,150.1670201,2.4478999,,0.67
168732,150.1187663,2.4634761,,0.67
172291,150.1671207,2.4511287,,0.67
51757,150.1457363,2.2001241,,0.64
71321,150.1441078,2.1942294,,0.64
37166,150.1333293,2.2841155,,0.64
37650,150.1332133,2.2822831,,0.64
44402,150.0823209,2.2455869,,0.64
45418,150.0799905,2.2393779,,0.64
27792,150.1272761,2.3309412,,0.64
28886,150.1585052,2.3255855,,0.64
29398,150.1136195,2.3229695,,0.64
33528,150.1231443,2.302602,,0.64
15887,150.1220277,2.3916038,,0.64
17100,150.0968166,2.3849518,,0.64
179666,150.1189122,2.4286682,,0.64
181930,150.1221602,2.4212253,,0.64
16823,150.1701233,2.3865451,,0.64
3844,150.1696298,2.4735167,,0.64
4010,150.1302458,2.4726274,,0.64
4433,150.1283502,2.4688245,,0.64
7174,150.1309048,2.4476749,,0.64
50683,150.1013535,2.2068516,,0.61
52583,150.1431,2.1943519,,0.61
54115,150.1116174,2.1833595,,0.61
67705,150.1197741,2.1825295,,0.61
40861,150.0758575,2.2653007,,0.61
93202,150.1044284,2.2515197,,0.61
28353,150.1648693,2.3281753,,0.61
32453,150.1331551,2.3078753,,0.61
120340,150.1668309,2.3102811,,0.61
13084,150.0720566,2.4072367,,0.61
14350,150.1219573,2.3996352,,0.61
17808,150.1785163,2.3811342,,0.61
27477,150.1717762,2.332311,,0.61
147745,150.1872043,2.3665502,,0.61
4302,150.1557367,2.470144,,0.61
10294,150.1313143,2.4245387,,0.61
175989,150.1420412,2.4399662,,0.61
57282,150.1223963,2.1637193,,0.58
65197,150.1267554,2.1718203,,0.58
42627,150.1058828,2.2559066,,0.58
89549,150.0875205,2.2423701,,0.58
29215,150.1220372,2.3238569,,0.58
102253,150.1341948,2.271669,,0.58
10677,150.1132685,2.4219184,,0.58
12511,150.0869215,2.4104851,,0.58
186424,150.1134312,2.4125852,,0.58
23920,150.2092035,2.3504899,,0.58
148075,150.1983945,2.3672713,,0.58
7468,150.1727589,2.4453207,,0.58
9862,150.1317084,2.4279533,,0.58
165501,150.1583409,2.4790954,,0.58
165748,150.1530423,2.4726981,,0.58
167351,150.1658287,2.4673827,,0.58
171663,150.1154308,2.4591282,,0.58
48301,150.1437923,2.2210381,,0.55
35296,150.0968856,2.2941023,,0.55
41786,150.0767041,2.2606655,,0.55
101469,150.0899818,2.2700065,,0.55
111401,150.0628994,2.2914302,,0.55
11955,150.108384,2.4141919,,0.55
16135,150.1032309,2.3899872,,0.55
188729,150.088319,2.4032998,,0.55
27175,150.1741278,2.3343948,,0.55
140776,150.1708182,2.3526577,,0.55
164535,150.1524658,2.4799148,,0.55
172268,150.1373904,2.451164,,0.55
48844,150.1338018,2.2178599,,0.52
35234,150.1630693,2.2944252,,0.52
43202,150.1545643,2.2511191,,0.52
33066,150.0950747,2.3047461,,0.52
40108,150.0957143,2.2695031,,0.52
41212,150.1124946,2.2637263,,0.52
42477,150.0575226,2.2567646,,0.52
44449,150.0672426,2.2453264,,0.52
24988,150.1625168,2.3454253,,0.52
32230,150.1715424,2.3090881,,0.52
32689,150.1315435,2.3067021,,0.52
120008,150.1776796,2.3095004,,0.52
10940,150.1235214,2.4202823,,0.52
181977,150.1253795,2.4200075,,0.52
17519,150.1888308,2.3822891,,0.52
18259,150.1774724,2.3787595,,0.52
143788,150.1684851,2.3584799,,0.52
161645,150.1813444,2.396789,,0.52
8423,150.1748152,2.4382547,,0.52
8873,150.1691899,2.4349838,,0.52
9440,150.17771,2.4308556,,0.52
51844,150.1227726,2.1994398,,0.49
65262,150.1284091,2.1720564,,0.49
45422,150.1667825,2.2393745,,0.49
101283,150.1507429,2.2696134,,0.49
42142,150.1046682,2.2586925,,0.49
29242,150.1592709,2.3236895,,0.49
32200,150.1279059,2.3092799,,0.49
32433,150.1584425,2.3080089,,0.49
33683,150.171173,2.3019134,,0.49
113205,150.1305372,2.2952415,,0.49
10033,150.1144318,2.4266815,,0.49
11281,150.0750871,2.4181438,,0.49
20115,150.0972829,2.3694741,,0.49
21007,150.0978967,2.3652331,,0.49
130486,150.1604878,2.3319114,,0.49
147555,150.1927246,2.3661053,,0.49
3799,150.1452992,2.4747792,,0.49
8490,150.1343552,2.4377633,,0.49
168074,150.169599,2.4643316,,0.49
54012,150.1292503,2.1842696,,0.46
78923,150.0963725,2.2153085,,0.46
106329,150.184958,2.2806814,,0.46
110517,150.0811543,2.2893352,,0.46
26709,150.1501125,2.3369935,,0.46
38264,150.1536413,2.2790383,,0.46
109895,150.1732381,2.287975,,0.46
119753,150.1740443,2.3089513,,0.46
134374,150.1494988,2.3403138,,0.46
16676,150.0920124,2.3873037,,0.46
14779,150.1794938,2.3978432,,0.46
156730,150.1705058,2.3856518,,0.46
8823,150.1729171,2.4353106,,0.46
164022,150.1576179,2.4814507,,0.46
55026,150.1279575,2.1755178,,0.43
37533,150.1844447,2.2823238,,0.43
43681,150.1775657,2.2498406,,0.43
44135,150.1871009,2.2472466,,0.43
42068,150.1140483,2.2590905,,0.43
11954,150.1083125,2.4141551,,0.43
14203,150.0863301,2.4010798,,0.43
14746,150.0880503,2.3980083,,0.43
22730,150.1642738,2.3563162,,0.43
3255,150.1516062,2.4795287,,0.43
171869,150.1725706,2.4523444,,0.43
179019,150.1802732,2.4334019,,0.43
78510,150.131775,2.2141871,,0.4
42667,150.1905906,2.2557287,,0.4
38185,150.0717949,2.2793471,,0.4
39022,150.0983478,2.2752286,,0.4
91244,150.0820419,2.2464594,,0.4
29693,150.1599438,2.3215067,,0.4
29986,150.1516524,2.3200696,,0.4
180168,150.1068819,2.4275844,,0.4
181670,150.1095965,2.4213802,,0.4
18617,150.1816951,2.3768772,,0.4
63588,150.1255243,2.1644828,,0.37
69306,150.1184034,2.1882873,,0.37
79150,150.0991369,2.2158223,,0.37
90194,150.1852722,2.2439964,,0.37
33657,150.0955546,2.2993484,,0.37
88847,150.0750545,2.2406473,,0.37
95044,150.1187136,2.2560374,,0.37
200978,150.0672918,2.244026,,0.37
206429,150.1279518,2.3123797,,0.37
147458,150.1978889,2.3659183,,0.37
6494,150.1348349,2.4525174,,0.37
175527,150.1618976,2.4401404,,0.37
107270,150.1327748,2.2825495,,6.97
158718,150.0958861,2.3898795,,6.73
128325,150.1215465,2.3275382,,6.61
133583,150.1583145,2.3385772,,5.98
102746,150.1382649,2.272814,,5.47
92553,150.0849292,2.2497991,,4.93
153057,150.1379734,2.3773282,,4.84
136769,150.1515871,2.3452,,4.69
176637,150.1466635,2.4373042,,4.48
182082,150.1537302,2.4198987,,4.39
157366,150.135306,2.3868907,,4.12
179219,150.1357129,2.431187,,4.09
156968,150.1495148,2.3861518,,3.88
160936,150.1275143,2.3949604,,3.82
126737,150.1276279,2.3241068,,3.73
100755,150.1392976,2.2683343,,3.31
107165,150.1824927,2.2823469,,3.04
111383,150.1768188,2.2914106,,2.65
156743,150.0985399,2.38567,,2.44
102478,150.0910852,2.2721921,,2.35
110830,150.0621201,2.2900589,,2.29
112225,150.128973,2.2933451,,2.23
112676,150.1257001,2.2942066,,1.84
125832,150.1505861,2.322203,,1.75
176974,150.1423055,2.4400731,,1.75
161423,150.1710016,2.3961868,,1.69
179934,150.1446441,2.4281284,,1.66
109060,150.0909074,2.286254,,1.54
118008,150.1643642,2.3050379,,1.48
149168,150.0967485,2.3693426,,1.3
158404,150.1306456,2.3891956,,1.27
109205,150.1289256,2.2865797,,1.24
86723,150.1430152,2.235621,,1.12
149875,150.1108079,2.3707179,,1.09
164583,150.1653525,2.4833659,,1.09
95320,150.0699164,2.2567177,,1.06
120216,150.1314959,2.3099588,,1.06
122077,150.1297697,2.3142472,,1.03
189552,150.1314232,2.4014094,,1.03
156474,150.145914,2.3850475,,1.0
78944,150.1330001,2.2153586,,0.97
111889,150.176235,2.2924481,,0.97
183731,150.1100039,2.4154186,,0.97
141157,150.184213,2.3533259,,0.94
155993,150.1453348,2.3838965,,0.94
185685,150.1393055,2.4144672,,0.94
120679,150.1339073,2.3110631,,0.91
149458,150.1034494,2.3699128,,0.91
129044,150.1320489,2.3288396,,0.88
35640,150.1022756,2.2924883,,0.85
119224,150.1757145,2.3077437,,0.85
126479,150.1170589,2.3236064,,0.85
149226,150.1604309,2.3694651,,0.85
86561,150.1402985,2.2351297,,0.79
127995,150.1193988,2.3268032,,0.79
84836,150.1481344,2.2305912,,0.7
133095,150.1441398,2.3376196,,0.7
167021,150.1632408,2.4686092,,0.7
91875,150.1631124,2.2480148,,0.67
149015,150.105213,2.3691032,,0.67
89157,150.0744353,2.2413926,,0.64
154583,150.140623,2.3806001,,0.61
162316,150.1324008,2.4736279,,0.61
92603,150.1778211,2.2499424,,0.58
88286,150.0801571,2.2393884,,0.58
114873,150.0844801,2.2987171,,0.58
112775,150.1278369,2.2943932,,0.58
138989,150.1980788,2.3494199,,0.58
104792,150.1054904,2.2773928,,0.55
139167,150.1656223,2.3496737,,0.55
149475,150.1000039,2.36995,,0.52
190388,150.1276391,2.399221,,0.52
104561,150.108212,2.2768796,,0.49
135357,150.1527299,2.3423365,,0.49
138303,150.2015994,2.3480638,,0.49
149619,150.1540946,2.370217,,0.49
108314,150.1792525,2.2846595,,0.46
159723,150.1701481,2.3920549,,0.46
65944,150.1187407,2.1752419,,0.43
114369,150.1335443,2.2977143,,0.43
157166,150.0871537,2.3864887,,0.43
190722,150.116108,2.3988904,,0.43
160511,150.1708278,2.3939511,,0.43
140111,150.1928204,2.3514239,,0.4
178467,150.1800524,2.4318525,,0.4
89838,150.0710078,2.243091,,0.37
127005,150.1557212,2.3246799,,0.37
176969,150.1459845,2.4370257,,0.37
73825,150.1472907,2.2015641,,0.34
83567,150.1258708,2.2272399,,0.34
83820,150.1328675,2.2279422,,0.34
33867,150.0765404,2.3011081,,0.34
102722,150.1385083,2.2727576,,0.34
133286,150.158658,2.3379873,,0.34
24615,150.1555324,2.3471619,,0.34
140082,150.1926377,2.351379,,0.34
52881,150.1066904,2.1922455,,0.31
54014,150.1115912,2.1842651,,0.31
77762,150.0963472,2.2123006,,0.31
78498,150.1379576,2.2141569,,0.31
37226,150.1799237,2.2842253,,0.31
40855,150.1353953,2.2653771,,0.31
45063,150.1813118,2.2414986,,0.31
44023,150.0853636,2.2478838,,0.31
117540,150.0854665,2.3041087,,0.31
34235,150.1389734,2.2993237,,0.31
35285,150.1333648,2.2942162,,0.31
35645,150.1396976,2.2924053,,0.31
39158,150.1414879,2.2744241,,0.31
120355,150.1756339,2.3103119,,0.31
14165,150.1278042,2.4013003,,0.31
177360,150.1134828,2.4353577,,0.31
15659,150.1831764,2.3930946,,0.31
16182,150.1796722,2.3901335,,0.31
17676,150.137103,2.3812947,,0.31
27253,150.1746505,2.3339588,,0.31
2648,150.1597245,2.4855233,,0.31
3907,150.1295694,2.4737879,,0.31
10961,150.1516608,2.4202053,,0.31
164871,150.1498529,2.4794951,,0.31
170943,150.1366659,2.4553371,,0.31
177627,150.1769888,2.4352415,,0.31
69023,150.1307205,2.1872883,,0.28
83874,150.1356742,2.2281233,,0.28
37220,150.1436828,2.2842225,,0.28
101262,150.183966,2.2695528,,0.28
33201,150.0909435,2.3040956,,0.28
35083,150.0650847,2.2951824,,0.28
36334,150.1005401,2.2886519,,0.28
95664,150.1143563,2.2574463,,0.28
126541,150.1508107,2.3237233,,0.28
133938,150.1562497,2.3393256,,0.28
9795,150.1067827,2.4285291,,0.28
17232,150.0938471,2.3841014,,0.28
156656,150.1875686,2.3854607,,0.28
193853,150.1882049,2.3971282,,0.28
5189,150.1595045,2.4623515,,0.28
178859,150.1797506,2.4317206,,0.28
80881,150.1376652,2.2202992,,0.25
86508,150.0676535,2.2349917,,0.25
32296,150.1339877,2.30876,,0.25
112276,150.1800884,2.2934294,,0.25
16660,150.0922383,2.3873879,,0.25
152679,150.0848103,2.3764791,,0.25
179785,150.1194723,2.4319804,,0.25
183288,150.0822407,2.4173294,,0.25
148668,150.1994171,2.36852,,0.25
3315,150.1490892,2.4792971,,0.25
167916,150.1534757,2.4653999,,0.25
67391,150.1090134,2.1812552,,0.22
68854,150.1442558,2.1866994,,0.22
45165,150.1504511,2.2409088,,0.22
101735,150.1847966,2.2704869,,0.22
29382,150.1562969,2.3240531,,0.22
30208,150.1300346,2.3190742,,0.22
32448,150.1593209,2.3079638,,0.22
33902,150.1419678,2.30098,,0.22
35653,150.1857872,2.2923651,,0.22
126224,150.121884,2.323066,,0.22
13250,150.077378,2.4061003,,0.22
13487,150.0930255,2.4049946,,0.22
16745,150.0841599,2.3861885,,0.22
17335,150.1000374,2.3835775,,0.22
147032,150.0969957,2.3650118,,0.22
182987,150.0815837,2.4177972,,0.22
14055,150.1852119,2.4015009,,0.22
22427,150.1445004,2.3578906,,0.22
4434,150.1510444,2.4688361,,0.22
178826,150.1427697,2.4321166,,0.22
182236,150.1516352,2.4194657,,0.22
46938,150.1349194,2.2300517,,0.19
53086,150.1208179,2.1907574,,0.19
55675,150.1349001,2.1688808,,0.19
78522,150.1404348,2.2142181,,0.19
79505,150.1501244,2.216613,,0.19
79565,150.1365603,2.2167156,,0.19
82130,150.1139908,2.2233389,,0.19
40626,150.1776974,2.2667378,,0.19
46573,150.1629741,2.2325443,,0.19
88305,150.1547221,2.2394241,,0.19
92575,150.1805109,2.2498579,,0.19
109483,150.1441348,2.2871556,,0.19
36078,150.0945422,2.2901636,,0.19
39247,150.0709714,2.2739498,,0.19
42120,150.1004434,2.2588314,,0.19
43636,150.099145,2.2500727,,0.19
45640,150.0786377,2.2381006,,0.19
103595,150.067418,2.2746934,,0.19
32733,150.1605267,2.3065813,,0.19
37384,150.1398089,2.2835537,,0.19
112774,150.1427807,2.2943902,,0.19
119745,150.1602296,2.3089443,,0.19
14579,150.120734,2.3989005,,0.19
19774,150.1078907,2.371202,,0.19
148265,150.0992482,2.3676374,,0.19
155452,150.095071,2.3826717,,0.19
184674,150.108014,2.4132252,,0.19
19503,150.1388943,2.372465,,0.19
24260,150.2056064,2.348943,,0.19
7299,150.1279936,2.4462763,,0.19
175171,150.1604497,2.4413223,,0.19
178090,150.1279648,2.4341121,,0.19
53711,150.1132545,2.1865593,,0.16
72859,150.138871,2.1989419,,0.16
43480,150.1579151,2.2510458,,0.16
93227,150.1424435,2.2516163,,0.16
98926,150.1731187,2.2643662,,0.16
89900,150.0851205,2.2432371,,0.16
157486,150.096877,2.3871562,,0.16
156509,150.146241,2.3851336,,0.16
171997,150.1705848,2.4550367,,0.16
79863,150.1394219,2.2174685,,0.13
84562,150.1302172,2.2298536,,0.13
100680,150.1833235,2.2681466,,0.13
106837,150.1276653,2.2816479,,0.13
92217,150.0605963,2.2489239,,0.13
100266,150.0991605,2.2672992,,0.13
109835,150.1748787,2.287831,,0.13
114659,150.1423758,2.2983264,,0.13
152713,150.1083212,2.3765521,,0.13
189251,150.0939493,2.4013383,,0.13
154491,150.1359472,2.3804272,,0.13
155828,150.1560441,2.3835366,,0.13
155998,150.1495824,2.383901,,0.13
6513,150.1763306,2.4521301,,0.13
67353,150.1502473,2.1811054,,0.1
90600,150.1661959,2.2449592,,0.1
92716,150.1037074,2.2502102,,0.1
127336,150.1679358,2.3254361,,0.1
48887,150.1395929,2.217542,,0.07
46621,150.1567188,2.2322105,,0.07
44738,150.086377,2.243489,,0.07
88435,150.0700682,2.2397152,,0.07
173551,150.1218507,2.4471465,,0.07
42727,150.1544308,2.2553389,,0.04
98737,150.1483155,2.2639986,,0.04
109364,150.1393941,2.2869354,,0.04
143803,150.1936059,2.3585122,,0.04
156835,150.1488599,2.3858576,,0.04
167133,150.1256195,2.4710255,,0.04
64632,150.1242508,2.1691606,,0.01
72976,150.1194197,2.1992331,,0.01
73837,150.1474362,2.2016103,,0.01
74429,150.1528205,2.20345,,0.01
85850,150.1403406,2.233256,,0.01
38169,150.1713866,2.2795082,,0.01
36104,150.0872132,2.2896244,,0.01
38918,150.0639417,2.2758489,,0.01
95780,150.1015898,2.257633,,0.01
29263,150.1703448,2.3237039,,0.01
33770,150.1244681,2.3015579,,0.01
105226,150.1374913,2.2783597,,0.01
9678,150.1069745,2.429153,,0.01
17666,150.1316227,2.3818614,,0.01
152751,150.100993,2.3766342,,0.01
156506,150.1376753,2.3851253,,0.01
178573,150.1081164,2.4323009,,0.01
17030,150.1874958,2.3854174,,0.01
129819,150.1563714,2.3304559,,0.01
130033,150.1694669,2.3309569,,0.01
164215,150.1659144,2.4823037,,0.01
164246,150.1521321,2.4811946,,0.01
168273,150.1132015,2.4641737,,0.01
170676,150.1312739,2.4585641,,0.01
175599,150.1401868,2.4416297,,0.01
190570,150.162196,2.4877151,,0.01