,id,best.universe.redshift,Comments
0,2642,3.59,
1,2648,0.5700000000000001,
2,2752,2.46,
3,2783,3.71,
4,2796,0.74,
5,2804,1.75,
6,2910,4.55,
7,2967,1.98,
8,3010,2.07,
9,3113,1.34,
10,3219,1.74,
11,3255,0.51,
12,3295,2.17,
13,3306,5.8500000000000005,
14,3315,0.21,
15,3327,0.0,
16,3393,1.5,
17,3412,0.66,
18,3426,1.59,
19,3490,1.7,
20,3544,0.49,
21,3550,4.45,
22,3555,7.12,
23,3769,3.73,
24,3799,3.73,
25,3844,0.68,
26,3907,1.75,
27,3933,3.87,
28,3984,2.64,
29,4010,0.66,
30,4023,4.46,
31,4037,0.6900000000000001,
32,4049,3.73,
33,4062,3.73,
34,4091,4.5600000000000005,
35,4096,4.55,
36,4131,2.2600000000000002,
37,4241,0.8200000000000001,
38,4246,2.15,
39,4253,1.59,
40,4298,3.73,
41,4302,0.48,
42,4318,3.73,
43,4364,4.13,
44,4367,3.72,
45,4368,0.9,
46,4370,4.0,
47,4419,1.98,
48,4423,1.53,
49,4433,4.66,
50,4434,3.33,
51,4495,,
52,4503,3.13,
53,4523,3.21,
54,4538,,
55,4612,0.0,
56,4631,1.0,
57,4771,,
58,4857,0.67,
59,4954,3.36,
60,4979,0.67,
61,4985,0.91,
62,5052,1.6,
63,5121,2.56,
64,5189,0.31,
65,5441,4.69,
66,5540,,
67,5725,3.93,
68,5727,2.48,
69,5754,1.6,
70,5973,1.8900000000000001,
71,6031,0.85,
72,6152,1.37,
73,6171,2.33,
74,6174,2.56,
75,6221,0.87,
76,6239,1.27,
77,6256,2.54,
78,6295,0.9400000000000001,
79,6339,4.21,
80,6357,1.83,
81,6443,1.83,
82,6471,2.05,
83,6472,1.11,
84,6473,2.43,
85,6490,4.69,
86,6494,3.19,
87,6513,0.0,
88,6524,2.2,
89,6563,1.17,
90,6684,2.5100000000000002,
91,6685,0.71,
92,6734,5.93,
93,6744,1.74,
94,6754,2.05,
95,6790,3.98,
96,6818,0.75,
97,6846,3.39,
98,6882,4.75,
99,6898,3.73,
100,6911,1.56,
101,6916,2.71,
102,6920,0.9500000000000001,
103,7009,1.92,
104,7029,2.06,
105,7053,5.1000000000000005,
106,7066,1.67,
107,7081,3.99,
108,7082,1.83,
109,7091,1.6,
110,7107,1.74,
111,7110,1.32,
112,7135,3.91,
113,7160,3.68,
114,7174,4.6000000000000005,
115,7196,1.1300000000000001,
116,7207,0.9400000000000001,
117,7299,0.22,
118,7347,1.6,
119,7468,3.98,
120,7620,3.98,
121,7720,1.28,
122,7764,2.05,
123,7770,1.44,
124,7860,4.7700000000000005,
125,7884,0.9500000000000001,
126,7891,1.4000000000000001,
127,7925,3.24,
128,7950,3.37,
129,7975,2.25,
130,8000,4.16,
131,8032,12.47, Plausible (low SNR)                            
132,8067,2.5300000000000002,
133,8083,0.81,
134,8127,5.12,
135,8194,3.29,
136,8201,,
137,8206,1.72,
138,8281,0.88,
139,8322,3.35,
140,8372,0.5700000000000001,
141,8423,0.66,
142,8449,1.0,
143,8490,3.99,
144,8495,3.89,
145,8505,0.16,
146,8506,5.07,
147,8528,,
148,8581,3.98,
149,8620,4.12,
150,8708,1.71,
151,8734,2.09,
152,8766,3.99,
153,8768,4.69,
154,8790,1.76,
155,8794,5.86,
156,8823,3.47,
157,8829,2.12,
158,8873,0.76,
159,8876,1.49,
160,8881,1.1300000000000001,
161,8893,0.84,
162,8963,4.0,
163,9005,3.99,
164,9071,6.79,
165,9123,2.14,
166,9220,1.9100000000000001,
167,9226,,
168,9262,6.25,
169,9319,1.1300000000000001,
170,9384,1.26,
171,9440,0.36,
172,9441,3.72,
173,9464,1.11,
174,9514,3.73,
175,9566,1.17,
176,9575,3.86,
177,9599,2.52,
178,9678,0.0,
179,9705,0.9,
180,9714,1.72,
181,9733,3.73,
182,9745,2.88,
183,9795,3.21,
184,9801,3.88,
185,9809,0.84,
186,9828,0.68,
187,9836,4.92,
188,9841,3.43,
189,9862,4.0,
190,9890,3.43,
191,9914,0.0,
192,9924,4.0,
193,9940,0.73,
194,9968,3.2800000000000002,
195,9969,3.48,
196,9985,2.14,
197,9998,3.45,
198,10008,3.99,
199,10033,0.26,
200,10048,4.61,
201,10051,7.0600000000000005,
202,10052,3.35,
203,10119,5.24,
204,10125,2.5100000000000002,
205,10132,3.2600000000000002,
206,10244,0.67,
207,10246,3.35,
208,10294,0.45,
209,10344,2.15,
210,10446,1.22,
211,10452,5.23,
212,10535,0.63,
213,10559,5.23,
214,10597,8.0,
215,10621,2.7,
216,10639,4.65,
217,10677,4.65,
218,10773,,
219,10780,0.73,
220,10795,3.75,
221,10813,1.41,
222,10860,5.63,
223,10886,2.44,
224,10940,0.8,
225,10961,2.54,
226,11016,1.92,
227,11115,1.26,
228,11148,0.75,
229,11168,2.87,
230,11170,1.55,
231,11188,,
232,11226,2.48,
233,11227,5.24,
234,11231,1.6600000000000001,
235,11239,3.04,
236,11259,1.53,
237,11274,4.53,
238,11281,0.72,
239,11332,1.41,
240,11366,3.5300000000000002,
241,11370,11.620000000000001, Very unlikely (missing lines)                  
242,11371,4.0,
243,11409,3.13,
244,11639,3.69,
245,11739,4.68,
246,11742,4.14,
247,11748,2.48,
248,11835,7.07,
249,11932,1.8900000000000001,
250,11954,0.64,
251,11955,1.82,
252,12016,2.33,
253,12037,3.29,
254,12245,2.47,
255,12396,2.48,
256,12659,3.71,
257,13054,0.9500000000000001,
258,13084,0.65,
259,13250,0.58,
260,13301,3.7600000000000002,
261,13302,1.69,
262,13373,5.24,
263,13456,0.93,
264,13561,0.76,
265,13574,4.11,
266,13575,0.61,
267,13640,3.84,
268,13668,4.72,
269,13708,3.7600000000000002,
270,13756,1.42,
271,13783,3.85,
272,14023,1.87,
273,14055,0.12,
274,14080,3.73,
275,14113,1.12,
276,14119,,
277,14162,,
278,14165,3.39,
279,14180,2.14,
280,14203,3.1,
281,14217,0.43,
282,14245,1.26,
283,14349,2.56,
284,14350,,
285,14513,,
286,14574,3.6,
287,14575,4.1,
288,14579,1.9000000000000001,
289,14618,1.1500000000000001,
290,14640,1.3,
291,14718,0.5700000000000001,
292,14731,1.77,
293,14738,5.25,
294,14779,3.11,
295,14802,3.0,
296,14863,0.36,
297,14951,5.28,
298,14970,4.53,
299,14982,3.42,
300,15017,2.75,
301,15049,3.45,
302,15230,2.18,
303,15351,1.92,
304,15390,0.68,
305,15613,1.9100000000000001,
306,15616,1.28,
307,15656,5.87,
308,15659,1.3,
309,15661,5.58,
310,15722,0.8300000000000001,
311,15798,3.98,
312,15810,2.69,
313,15852,1.67,
314,15880,3.2600000000000002,
315,15887,0.51,
316,15944,4.4,
317,16135,0.67,
318,16142,5.38,
319,16174,3.7,
320,16182,1.8,
321,16188,2.41,
322,16190,2.54,
323,16252,7.03,
324,16297,1.4000000000000001,
325,16324,1.75,
326,16414,3.46,
327,16464,3.93,
328,16497,1.6,
329,16540,1.71,
330,16548,1.22,
331,16560,2.68,
332,16592,1.21,
333,16627,3.18,
334,16632,1.77,
335,16678,3.63,
336,16680,3.5500000000000003,
337,16745,0.22,
338,16812,2.71,
339,16820,,
340,16823,4.53,
341,16887,1.5,
342,16915,2.83,
343,17030,0.13,
344,17077,2.2800000000000002,
345,17082,,
346,17084,3.7600000000000002,
347,17100,3.73,
348,17104,1.43,
349,17111,1.25,
350,17129,1.34,
351,17131,1.52,
352,17133,5.2700000000000005,
353,17158,5.3500000000000005,
354,17160,1.43,
355,17232,0.17,
356,17245,0.54,
357,17250,5.24,
358,17277,3.48,
359,17291,4.84,
360,17304,,
361,17314,8.870000000000001,
362,17335,0.24,
363,17336,0.89,
364,17405,1.6400000000000001,
365,17452,2.57,
366,17453,2.84,
367,17473,1.86,
368,17492,1.24,
369,17507,2.16,
370,17519,0.47000000000000003,
371,17523,5.5600000000000005,
372,17528,3.75,
373,17529,3.83,
374,17611,4.83,
375,17615,3.48,
376,17666,1.8,
377,17676,0.29,
378,17703,1.26,
379,17740,2.0300000000000002,
380,17763,4.29,
381,17808,0.6,
382,17854,1.86,
383,17892,2.47,
384,17896,0.91,
385,18062,7.57,
386,18111,7.140000000000001,
387,18148,5.18,
388,18163,2.99,
389,18196,1.7,
390,18241,1.56,
391,18259,4.14,
392,18263,4.39,
393,18357,4.53,
394,18439,4.94,
395,18442,4.15,
396,18448,3.84,
397,18458,1.98,
398,18465,1.53,
399,18479,1.96,
400,18499,3.43,
401,18617,0.36,
402,18700,6.53,
403,18835,2.65,
404,19021,5.63,
405,19152,1.1,
406,19279,4.53,
407,19494,1.1500000000000001,
408,19503,2.65,
409,19509,11.53, Very unlikely (missing lines)                  
410,19540,5.12,
411,19659,5.26,
412,19692,5.83,
413,19714,4.45,
414,19722,3.73,
415,19774,3.3200000000000003,
416,19777,2.54,
417,19838,1.24,
418,19853,2.47,
419,19865,3.42,
420,19903,2.5100000000000002,
421,19939,1.26,
422,19965,2.47,
423,20066,2.5100000000000002,
424,20111,4.5200000000000005,
425,20126,2.5100000000000002,
426,20152,2.64,
427,20243,1.84,
428,20323,2.71,
429,20328,3.4,
430,20345,3.71,
431,20358,2.73,
432,20371,0.8,
433,20373,4.47,
434,20404,4.78,
435,20405,3.98,
436,20435,4.5200000000000005,
437,20483,2.46,
438,20494,1.84,
439,20664,0.63,
440,20713,2.47,
441,20717,3.48,
442,20730,2.2800000000000002,
443,20738,3.64,
444,20797,3.73,
445,20853,1.4000000000000001,
446,20859,5.41,
447,20864,1.41,
448,20883,1.79,
449,20913,0.6900000000000001,
450,20932,1.96,
451,21007,3.46,
452,21041,2.92,
453,21098,0.93,
454,21105,3.02,
455,21133,2.47,
456,21153,4.68,
457,21326,3.5300000000000002,
458,21378,2.84,
459,21379,3.98,
460,21466,,
461,21508,,
462,21514,0.67,
463,21526,,
464,21568,2.2800000000000002,
465,21719,4.39,
466,22046,0.04,
467,22129,4.48,
468,22248,6.24,
469,22427,2.99,
470,22667,4.47,
471,22730,0.41000000000000003,
472,22876,0.92,
473,22925,1.2,
474,22938,1.51,
475,22955,0.6900000000000001,
476,22998,1.71,
477,23107,1.51,
478,23195,1.5,
479,23310,0.0,
480,23347,3.11,
481,23348,3.11,
482,23484,0.99,
483,23561,5.58,
484,23657,1.6600000000000001,
485,23708,4.39,
486,23773,4.2700000000000005,
487,23791,2.48,
488,23853,2.0100000000000002,
489,23920,0.75,
490,23953,1.34,
491,24082,4.29,
492,24109,2.33,
493,24135,1.59,
494,24147,1.1500000000000001,
495,24202,3.08,
496,24203,3.45,
497,24212,4.38,
498,24222,1.16,
499,24251,4.2700000000000005,
500,24252,4.43,
501,24260,2.68,
502,24289,1.41,
503,24354,1.9100000000000001,
504,24517,1.83,
505,24534,3.7,
506,24561,1.43,
507,24600,2.45,
508,24615,1.45,
509,24889,3.47,
510,24913,2.68,
511,24988,0.64,
512,25003,1.33,
513,25053,0.55,
514,25094,3.95,
515,25121,2.75,
516,25220,1.36,
517,25260,2.75,
518,25348,2.7,
519,25369,2.31,
520,25384,0.6900000000000001,
521,25563,3.11,
522,25617,1.87,
523,25938,0.91,
524,26055,1.26,
525,26057,0.88,
526,26470,0.77,
527,26481,3.83,
528,26482,3.8200000000000003,
529,26504,3.45,
530,26511,1.44,
531,26527,0.0,
532,26532,0.73,
533,26547,1.51,
534,26552,1.26,
535,26571,4.28,
536,26647,1.1,
537,26709,3.44,
538,26737,6.07,
539,26821,4.05,
540,26863,0.76,
541,26871,0.6900000000000001,
542,26921,3.96,
543,26929,5.09,
544,26930,5.1000000000000005,
545,26946,1.53,
546,27009,4.9,
547,27040,1.58,
548,27083,0.67,
549,27131,3.11,
550,27175,0.65,
551,27219,6.88,
552,27242,3.31,
553,27253,3.46,
554,27326,4.39,
555,27335,1.53,
556,27340,0.48,
557,27359,1.3800000000000001,
558,27398,1.43,
559,27426,2.44,
560,27430,0.68,
561,27439,3.91,
562,27442,2.84,
563,27477,0.6,
564,27483,3.31,
565,27494,3.95,
566,27565,0.8300000000000001,
567,27632,0.11,
568,27640,2.31,
569,27778,0.05,
570,27792,4.47,
571,27793,3.0,
572,27889,4.1,
573,27943,1.31,
574,27952,1.76,
575,27954,0.55,
576,27957,4.48,
577,27973,3.13,
578,27996,1.47,
579,27997,1.27,
580,28041,1.85,
581,28083,3.1,
582,28129,3.45,
583,28221,2.07,
584,28222,4.05,
585,28249,2.6,
586,28268,1.8,
587,28309,2.5300000000000002,
588,28353,0.73,
589,28358,8.38,
590,28666,5.9,
591,28667,6.5200000000000005,
592,28687,2.09,
593,28690,1.59,
594,28755,4.63,
595,28812,2.54,
596,28849,1.53,
597,28886,0.59,
598,28966,0.85,
599,28975,3.84,
600,28988,0.84,
601,29015,1.99,
602,29019,3.97,
603,29032,1.52,
604,29118,3.85,
605,29161,1.1500000000000001,
606,29162,1.8,
607,29206,4.7700000000000005,
608,29215,0.62,
609,29220,0.75,
610,29235,1.8,
611,29242,0.42,
612,29250,1.1300000000000001,
613,29298,1.6,
614,29354,1.61,
615,29358,4.16,
616,29382,2.68,
617,29398,4.5,
618,29438,3.19,
619,29592,1.02,
620,29688,0.92,
621,29693,0.43,
622,29720,2.49,
623,29804,2.67,
624,29815,,
625,29919,4.72,
626,29983,2.21,
627,29986,0.31,
628,30047,2.0,
629,30198,2.87,
630,30208,2.89,
631,30281,1.1500000000000001,
632,30431,2.62,
633,30440,,
634,30812,1.77,
635,30874,1.26,
636,30877,2.45,
637,30967,4.5,
638,31028,1.71,
639,31106,2.44,
640,31111,3.67,
641,31243,4.15,
642,31433,2.6,
643,31574,1.25,
644,31634,2.54,
645,31675,5.8500000000000005,
646,31686,3.44,
647,31745,2.89,
648,31788,1.25,
649,31861,4.45,
650,31867,2.5,
651,31873,0.89,
652,31886,2.74,
653,31947,4.28,
654,31951,4.53,
655,32017,3.61,
656,32076,2.88,
657,32126,1.28,
658,32141,5.8500000000000005,
659,32162,1.48,
660,32172,,
661,32191,1.78,
662,32200,1.6400000000000001,
663,32208,1.31,
664,32209,2.12,
665,32214,3.0100000000000002,
666,32230,0.5,
667,32257,0.7000000000000001,
668,32265,6.68,
669,32296,0.37,
670,32353,1.46,
671,32397,1.98,
672,32398,2.49,
673,32433,0.76,
674,32438,4.71,
675,32448,2.16,
676,32453,0.67,
677,32460,5.61,
678,32522,2.93,
679,32553,2.5300000000000002,
680,32567,1.94,
681,32575,5.83,
682,32596,1.6,
683,32602,3.96,
684,32624,1.85,
685,32658,4.45,
686,32659,7.47,
687,32668,0.26,
688,32689,0.46,
689,32733,8.59,
690,32753,1.37,
691,32778,3.8200000000000003,
692,32872,1.6,
693,32886,1.97,
694,32888,1.6,
695,32933,3.98,
696,33032,0.85,
697,33066,0.53,
698,33069,6.69,
699,33076,4.44,
700,33120,3.77,
701,33121,3.7600000000000002,
702,33194,1.85,
703,33201,0.36,
704,33202,0.52,
705,33324,0.91,
706,33347,1.94,
707,33352,1.9000000000000001,
708,33357,4.14,
709,33358,4.14,
710,33359,4.14,
711,33367,2.63,
712,33445,3.09,
713,33510,4.1,
714,33525,2.61,
715,33528,0.61,
716,33595,1.81,
717,33644,3.98,
718,33647,1.81,
719,33657,0.32,
720,33683,2.12,
721,33770,0.0,
722,33804,2.1,
723,33826,2.57,
724,33855,2.19,
725,33867,3.2600000000000002,
726,33902,0.2,
727,33937,3.45,
728,33944,1.47,
729,33979,4.6000000000000005,
730,34050,5.3500000000000005,
731,34068,4.91,
732,34075,6.3,
733,34081,,
734,34111,1.27,
735,34167,0.76,
736,34190,1.3800000000000001,
737,34235,0.29,
738,34238,3.48,
739,34313,7.12,
740,34344,1.24,
741,34398,3.17,
742,34441,4.9,
743,34443,2.75,
744,34444,1.6400000000000001,
745,34453,4.59,
746,34477,1.62,
747,34496,0.54,
748,34529,1.6300000000000001,
749,34624,0.7000000000000001,
750,34644,1.43,
751,34655,3.98,
752,34656,2.5300000000000002,
753,34680,5.12,
754,34683,3.19,
755,34696,1.43,
756,34709,3.04,
757,34712,2.7600000000000002,
758,34815,1.22,
759,34842,1.85,
760,35021,1.6500000000000001,
761,35045,2.2600000000000002,
762,35060,1.57,
763,35083,3.16,
764,35121,4.03,
765,35154,1.59,
766,35166,3.7600000000000002,
767,35171,1.74,
768,35209,4.5600000000000005,
769,35212,1.98,
770,35222,2.47,
771,35233,2.56,
772,35234,0.56,
773,35285,2.93,
774,35296,0.49,
775,35336,0.85,
776,35351,4.58,
777,35385,3.86,
778,35393,4.76,
779,35411,1.29,
780,35428,2.1,
781,35430,2.39,
782,35445,1.47,
783,35461,3.2800000000000002,
784,35468,1.96,
785,35504,3.0,
786,35517,0.6900000000000001,
787,35533,7.4,
788,35566,2.12,
789,35599,0.8,
790,35614,5.94,
791,35632,1.93,
792,35640,4.21,
793,35645,3.2600000000000002,
794,35653,2.98,
795,35686,1.78,
796,35715,1.87,
797,35739,1.6500000000000001,
798,35762,4.59,
799,35764,4.53,
800,35805,,
801,35830,5.11,
802,35834,2.8000000000000003,
803,35844,2.19,
804,35850,2.16,
805,35881,1.26,
806,35896,4.53,
807,35942,2.47,
808,35951,1.85,
809,36018,4.59,
810,36051,0.88,
811,36057,5.1000000000000005,
812,36078,1.79,
813,36104,,
814,36108,0.78,
815,36135,3.3000000000000003,
816,36141,3.04,
817,36160,2.61,
818,36186,1.4000000000000001,
819,36241,2.06,
820,36295,3.93,
821,36331,2.8000000000000003,
822,36334,0.8200000000000001,
823,36343,4.67,
824,36347,1.8900000000000001,
825,36373,4.61,
826,36382,4.29,
827,36394,3.08,
828,36505,4.86,
829,36510,3.27,
830,36541,4.8100000000000005,
831,36570,4.58,
832,36571,4.58,
833,36620,1.22,
834,36655,1.9100000000000001,
835,36664,1.87,
836,36667,2.71,
837,36685,1.92,
838,36694,2.81,
839,36700,1.8800000000000001,
840,36702,0.99,
841,36729,0.73,
842,36760,1.34,
843,36798,3.13,
844,36811,2.52,
845,36827,2.15,
846,36842,1.35,
847,36847,0.8200000000000001,
848,36865,0.52,
849,36884,5.3500000000000005,
850,36895,0.61,
851,36928,1.2,
852,36941,1.08,
853,36943,0.68,
854,36976,1.97,
855,36978,4.28,
856,37047,5.14,
857,37054,5.32,
858,37063,0.63,
859,37069,2.68,
860,37093,2.38,
861,37101,5.3500000000000005,
862,37166,0.71,
863,37220,0.64,
864,37226,3.61,
865,37315,1.09,
866,37317,0.0,
867,37330,2.1,
868,37349,,
869,37357,4.3,
870,37384,2.09,
871,37424,1.8,
872,37431,1.83,
873,37469,2.39,
874,37477,2.56,
875,37506,1.85,
876,37510,0.96,
877,37512,2.11,
878,37544,7.09,
879,37545,2.36,
880,37601,4.1,
881,37619,3.45,
882,37650,0.68,
883,37684,0.47000000000000003,
884,37734,1.98,
885,37777,4.63,
886,37826,3.19,
887,37844,4.6000000000000005,
888,37866,5.86,
889,37890,1.24,
890,37923,5.94,
891,37938,1.81,
892,37977,1.68,
893,37982,0.79,
894,38082,3.93,
895,38098,0.65,
896,38146,0.96,
897,38169,0.03,
898,38174,0.01,
899,38184,0.9400000000000001,
900,38185,0.32,
901,38203,2.19,
902,38205,2.19,
903,38207,1.87,
904,38245,0.6,
905,38256,1.3900000000000001,
906,38264,0.44,
907,38307,4.53,
908,38314,1.25,
909,38373,5.8500000000000005,
910,38374,1.1400000000000001,
911,38392,2.98,
912,38431,1.24,
913,38452,1.71,
914,38477,0.93,
915,38491,6.86,
916,38539,4.39,
917,38588,2.33,
918,38596,2.19,
919,38664,2.2,
920,38683,1.31,
921,38684,1.37,
922,38708,1.47,
923,38720,1.74,
924,38721,0.28,
925,38737,5.11,
926,38788,2.17,
927,38815,0.8,
928,38836,4.6000000000000005,
929,38849,1.46,
930,38866,2.15,
931,38872,6.87,
932,38885,4.87,
933,38903,6.61,
934,38904,1.6600000000000001,
935,38917,0.04,
936,38918,0.06,
937,38954,0.77,
938,38985,1.73,
939,39022,0.7000000000000001,
940,39033,0.75,
941,39083,2.2,
942,39158,3.25,
943,39194,5.24,
944,39247,2.13,
945,39286,4.37,
946,39335,0.81,
947,39352,3.68,
948,39365,1.72,
949,39377,0.9400000000000001,
950,39385,2.34,
951,39393,2.33,
952,39408,4.38,
953,39433,0.85,
954,39461,2.5,
955,39486,2.21,
956,39500,1.54,
957,39574,1.95,
958,39583,3.12,
959,39588,1.7,
960,39600,1.75,
961,39643,6.05,
962,39729,0.78,
963,39798,0.87,
964,39810,3.65,
965,39850,1.09,
966,39948,5.3,
967,40049,1.05,
968,40052,2.1,
969,40069,1.1,
970,40078,1.86,
971,40096,0.8300000000000001,
972,40099,1.34,
973,40106,0.51,
974,40108,2.06,
975,40146,5.29,
976,40160,2.07,
977,40161,6.8500000000000005,
978,40245,4.95,
979,40329,0.0,
980,40432,2.17,
981,40453,3.0100000000000002,
982,40463,1.74,
983,40487,2.5100000000000002,
984,40497,0.81,
985,40555,3.0100000000000002,
986,40580,3.17,
987,40585,4.53,
988,40626,1.84,
989,40661,0.68,
990,40751,3.0700000000000003,
991,40757,4.55,
992,40855,1.61,
993,40861,0.6,
994,40875,2.69,
995,40876,3.65,
996,40968,5.25,
997,40989,1.5,
998,41002,1.8800000000000001,
999,41043,0.3,
1000,41099,3.5,
1001,41100,,
1002,41141,0.5700000000000001,
1003,41150,4.38,
1004,41165,5.23,
1005,41168,0.08,
1006,41170,2.33,
1007,41212,2.23,
1008,41235,3.15,
1009,41267,2.07,
1010,41269,1.76,
1011,41284,1.22,
1012,41288,0.66,
1013,41298,4.3,
1014,41313,2.31,
1015,41314,5.7700000000000005,
1016,41375,0.0,
1017,41425,1.26,
1018,41504,4.59,
1019,41515,2.94,
1020,41529,2.08,
1021,41535,1.95,
1022,41542,3.69,
1023,41545,1.69,
1024,41584,4.55,
1025,41586,2.16,
1026,41608,4.5600000000000005,
1027,41622,0.6,
1028,41646,6.05,
1029,41802,1.03,
1030,41852,1.37,
1031,42031,5.75,
1032,42054,1.69,
1033,42068,0.35000000000000003,
1034,42069,0.62,
1035,42103,1.56,
1036,42120,2.22,
1037,42142,2.44,
1038,42230,2.11,
1039,42240,3.33,
1040,42262,4.44,
1041,42364,5.8500000000000005,
1042,42393,5.7700000000000005,
1043,42462,4.79,
1044,42475,3.49,
1045,42477,0.6900000000000001,
1046,42549,1.44,
1047,42574,2.79,
1048,42627,4.46,
1049,42630,2.82,
1050,42667,3.12,
1051,42668,3.66,
1052,42681,1.56,
1053,42709,1.56,
1054,42725,1.1500000000000001,
1055,42727,3.89,
1056,42759,1.9100000000000001,
1057,42760,1.68,
1058,42801,1.1500000000000001,
1059,42827,2.7,
1060,42839,2.22,
1061,42883,1.1300000000000001,
1062,42900,1.85,
1063,42911,0.28,
1064,42912,0.73,
1065,42930,1.3,
1066,42933,4.86,
1067,42939,1.6400000000000001,
1068,43012,1.6400000000000001,
1069,43020,1.09,
1070,43026,2.5500000000000003,
1071,43033,1.27,
1072,43056,3.2800000000000002,
1073,43095,4.65,
1074,43198,2.0,
1075,43202,0.81,
1076,43216,3.1,
1077,43223,1.8,
1078,43238,3.34,
1079,43240,1.22,
1080,43250,0.87,
1081,43276,3.16,
1082,43286,3.34,
1083,43353,2.49,
1084,43385,2.5300000000000002,
1085,43386,5.13,
1086,43390,7.12,
1087,43414,1.76,
1088,43480,3.85,
1089,43488,5.55,
1090,43557,2.31,
1091,43569,6.04,
1092,43593,6.59,
1093,43623,2.66,
1094,43636,1.8800000000000001,
1095,43642,0.74,
1096,43649,1.43,
1097,43650,2.98,
1098,43654,0.78,
1099,43671,2.49,
1100,43681,0.48,
1101,43703,1.87,
1102,43709,4.79,
1103,43711,,
1104,43786,24.52, Very unlikely (cutoff spectrum)                
1105,43807,2.43,
1106,43817,3.3000000000000003,
1107,43818,3.37,
1108,43830,1.93,
1109,43887,2.49,
1110,43906,3.94,
1111,43977,2.1,
1112,44023,0.0,
1113,44024,3.2600000000000002,
1114,44035,5.72,
1115,44056,2.18,
1116,44059,2.1,
1117,44101,2.13,
1118,44115,1.95,
1119,44135,3.45,
1120,44178,4.6000000000000005,
1121,44230,3.2800000000000002,
1122,44240,2.13,
1123,44297,,
1124,44340,2.41,
1125,44402,0.6,
1126,44424,5.1000000000000005,
1127,44446,5.09,
1128,44449,0.6,
1129,44513,2.5,
1130,44520,4.53,
1131,44641,1.02,
1132,44706,0.54,
1133,44725,2.04,
1134,44738,2.5300000000000002,
1135,44793,1.87,
1136,44808,5.3100000000000005,
1137,44863,5.12,
1138,44892,2.23,
1139,44985,0.99,
1140,45014,2.1,
1141,45015,0.64,
1142,45028,,
1143,45063,3.16,
1144,45113,0.37,
1145,45117,2.66,
1146,45134,2.44,
1147,45165,3.2800000000000002,
1148,45195,0.12,
1149,45252,5.11,
1150,45305,5.3,
1151,45307,2.09,
1152,45396,2.17,
1153,45410,2.48,
1154,45418,4.09,
1155,45422,1.77,
1156,45433,1.74,
1157,45457,5.04,
1158,45494,2.11,
1159,45528,0.0,
1160,45568,1.08,
1161,45622,3.12,
1162,45632,2.37,
1163,45640,2.1,
1164,45724,3.5300000000000002,
1165,45847,2.16,
1166,45867,4.67,
1167,45869,1.6400000000000001,
1168,45885,0.66,
1169,45906,2.86,
1170,45994,2.8000000000000003,
1171,46003,1.92,
1172,46239,1.24,
1173,46271,3.12,
1174,46274,1.92,
1175,46303,1.78,
1176,46333,5.39,
1177,46364,2.18,
1178,46376,1.08,
1179,46382,0.71,
1180,46402,2.45,
1181,46479,2.59,
1182,46549,2.2800000000000002,
1183,46573,2.86,
1184,46621,1.51,
1185,46720,1.8,
1186,46723,1.97,
1187,46824,1.01,
1188,46832,4.17,
1189,46843,1.06,
1190,46876,1.86,
1191,46892,5.3,
1192,46909,4.17,
1193,46938,1.97,
1194,47097,3.83,
1195,47127,1.98,
1196,47298,4.17,
1197,47482,3.3000000000000003,
1198,47484,1.3,
1199,47883,4.26,
1200,47889,1.16,
1201,48023,3.61,
1202,48083,0.99,
1203,48096,2.09,
1204,48128,0.6900000000000001,
1205,48180,2.59,
1206,48301,0.96,
1207,48367,1.1400000000000001,
1208,48386,3.09,
1209,48435,0.02,
1210,48449,2.83,
1211,48566,0.88,
1212,48687,4.42,
1213,48697,0.72,
1214,48844,0.54,
1215,48887,2.38,
1216,48893,4.45,
1217,48990,0.8,
1218,48995,1.97,
1219,49055,1.84,
1220,49102,1.67,
1221,49103,3.34,
1222,49109,,
1223,49217,1.86,
1224,49293,3.0300000000000002,
1225,49294,2.59,
1226,49297,13.13, Very unlikely (missing lines)                  
1227,49388,5.5,
1228,49425,1.83,
1229,49512,1.8,
1230,49520,5.51,
1231,49540,2.18,
1232,49589,1.6500000000000001,
1233,49737,1.79,
1234,49760,0.77,
1235,49777,1.87,
1236,49820,4.5200000000000005,
1237,49836,,
1238,49845,5.13,
1239,50018,3.94,
1240,50398,9.25,
1241,50439,2.22,
1242,50585,6.69,
1243,50638,2.12,
1244,50683,0.6,
1245,50739,1.55,
1246,50768,1.97,
1247,50793,5.84,
1248,50847,1.27,
1249,50864,2.18,
1250,50914,1.84,
1251,50980,1.75,
1252,51019,2.06,
1253,51108,1.69,
1254,51148,1.51,
1255,51202,1.1500000000000001,
1256,51254,3.84,
1257,51267,5.89,
1258,51307,3.02,
1259,51365,2.56,
1260,51366,0.72,
1261,51457,1.41,
1262,51570,0.93,
1263,51675,9.25,
1264,51684,0.66,
1265,51688,0.62,
1266,51751,0.63,
1267,51757,0.66,
1268,51813,0.81,
1269,51842,1.02,
1270,51844,0.61,
1271,51881,5.84,
1272,51899,5.08,
1273,51918,7.12,
1274,51941,1.51,
1275,51952,,
1276,51964,2.59,
1277,52101,2.1,
1278,52174,1.28,
1279,52185,9.8,
1280,52187,4.91,
1281,52242,4.91,
1282,52247,0.93,
1283,52267,1.68,
1284,52324,1.12,
1285,52332,0.9,
1286,52405,0.55,
1287,52416,3.85,
1288,52465,1.08,
1289,52514,1.97,
1290,52529,2.89,
1291,52548,0.78,
1292,52583,0.61,
1293,52597,5.84,
1294,52627,4.0600000000000005,
1295,52661,,
1296,52739,0.9400000000000001,
1297,52881,2.9,
1298,53086,0.54,
1299,53276,1.22,
1300,53385,3.83,
1301,53536,1.69,
1302,53606,3.96,
1303,53711,0.25,
1304,53724,0.68,
1305,53726,1.11,
1306,53730,0.92,
1307,53814,1.25,
1308,53830,2.08,
1309,53872,2.87,
1310,53876,4.73,
1311,53989,2.32,
1312,54012,0.49,
1313,54014,3.42,
1314,54115,0.81,
1315,54132,2.02,
1316,54175,1.79,
1317,54195,0.2,
1318,54225,6.26,
1319,54267,2.85,
1320,54300,0.64,
1321,54304,0.59,
1322,54319,,
1323,54323,0.89,
1324,54360,2.41,
1325,54568,0.74,
1326,54693,1.43,
1327,54719,1.8,
1328,54833,1.33,
1329,54857,4.38,
1330,55026,2.67,
1331,55051,0.68,
1332,55080,3.0100000000000002,
1333,55104,1.26,
1334,55133,2.45,
1335,55145,4.39,
1336,55244,2.2,
1337,55254,2.5500000000000003,
1338,55288,4.42,
1339,55311,1.6400000000000001,
1340,55425,3.93,
1341,55464,4.38,
1342,55515,2.06,
1343,55529,4.99,
1344,55542,2.08,
1345,55545,2.0100000000000002,
1346,55552,0.8200000000000001,
1347,55563,1.82,
1348,55564,3.0100000000000002,
1349,55600,5.6000000000000005,
1350,55646,1.62,
1351,55675,0.37,
1352,55687,1.24,
1353,55706,2.17,
1354,55743,2.15,
1355,55784,1.86,
1356,55810,0.85,
1357,55905,2.09,
1358,56102,1.9000000000000001,
1359,56162,1.44,
1360,56166,2.07,
1361,56182,2.07,
1362,57282,0.68,
1363,63582,2.16,
1364,63588,1.87,
1365,64116,2.32,
1366,64140,2.64,
1367,64152,4.72,
1368,64185,5.89,
1369,64632,0.1,
1370,64759,4.21,
1371,64761,1.92,
1372,64829,2.7600000000000002,
1373,64910,1.94,
1374,64965,1.1400000000000001,
1375,64996,3.89,
1376,65197,0.98,
1377,65262,3.8200000000000003,
1378,65396,1.6600000000000001,
1379,65404,4.4,
1380,65620,3.24,
1381,65661,4.87,
1382,65944,2.82,
1383,67005,0.97,
1384,67222,1.86,
1385,67231,3.94,
1386,67353,1.92,
1387,67391,2.05,
1388,67402,1.72,
1389,67472,2.61,
1390,67540,0.63,
1391,67705,1.3,
1392,67795,4.5200000000000005,
1393,67941,2.7,
1394,68006,1.08,
1395,68008,1.21,
1396,68159,3.12,
1397,68199,2.21,
1398,68296,3.2600000000000002,
1399,68587,6.87,
1400,68595,3.48,
1401,68667,2.23,
1402,68854,2.89,
1403,68858,6.8,
1404,68973,6.78,
1405,69023,3.23,
1406,69044,2.95,
1407,69049,4.09,
1408,69092,6.7700000000000005,
1409,69093,6.51,
1410,69164,2.08,
1411,69306,2.31,
1412,69582,4.3100000000000005,
1413,70067,3.91,
1414,70273,6.7700000000000005,
1415,70650,0.33,
1416,70831,2.15,
1417,71293,4.47,
1418,71321,5.75,
1419,71381,2.48,
1420,71573,3.86,
1421,71773,2.0100000000000002,
1422,71886,5.07,
1423,72489,4.57,
1424,72522,5.03,
1425,72540,3.91,
1426,72554,1.7,
1427,72650,4.7700000000000005,
1428,72813,6.7700000000000005,
1429,72859,2.72,
1430,72924,5.84,
1431,72976,0.0,
1432,73110,4.29,
1433,73128,6.8,
1434,73207,2.69,
1435,73315,4.47,
1436,73528,3.99,
1437,73646,6.8100000000000005,
1438,73707,3.09,
1439,73825,0.33,
1440,73837,1.48,
1441,73866,2.7800000000000002,
1442,73892,6.74,
1443,73900,2.04,
1444,74306,5.83,
1445,74429,1.03,
1446,74453,2.91,
1447,74508,4.0,
1448,74710,1.78,
1449,74783,1.27,
1450,74901,3.91,
1451,75242,3.94,
1452,75314,1.43,
1453,75525,2.24,
1454,75538,1.56,
1455,75555,5.26,
1456,75957,2.1,
1457,76712,2.64,
1458,76799,6.01,
1459,77529,4.07,
1460,77762,3.0500000000000003,
1461,77785,4.9,
1462,77876,4.76,
1463,78183,2.95,
1464,78485,3.83,
1465,78498,1.98,
1466,78510,2.9,
1467,78522,1.83,
1468,78535,1.03,
1469,78542,5.51,
1470,78700,5.5,
1471,78710,4.22,
1472,78752,,
1473,78771,5.51,
1474,78796,5.5,
1475,78923,4.08,
1476,78944,3.46,
1477,78945,4.95,
1478,79150,1.56,
1479,79292,17.45, Very unlikely (all spectrum ignored (low SNR)) 
1480,79367,6.8,
1481,79460,0.0,
1482,79498,,
1483,79505,2.45,
1484,79522,1.1500000000000001,
1485,79535,0.0,
1486,79565,3.17,
1487,79784,4.48,
1488,79845,1.54,
1489,79848,4.74,
1490,79863,2.58,
1491,79909,5.99,
1492,80318,5.25,
1493,80348,3.09,
1494,80402,3.15,
1495,80449,3.91,
1496,80759,2.15,
1497,80840,0.89,
1498,80866,5.7,
1499,80881,3.92,
1500,80917,3.85,
1501,80959,6.8,
1502,80999,4.44,
1503,81141,5.91,
1504,81347,4.86,
1505,81459,0.31,
1506,81787,2.47,
1507,81936,4.2700000000000005,
1508,82130,1.3900000000000001,
1509,82667,0.0,
1510,82692,5.83,
1511,83161,3.66,
1512,83567,2.17,
1513,83678,6.8100000000000005,
1514,83810,4.0200000000000005,
1515,83820,3.43,
1516,83861,4.17,
1517,83874,3.6,
1518,83919,0.67,
1519,83998,3.19,
1520,84244,4.6000000000000005,
1521,84245,4.12,
1522,84246,3.3200000000000003,
1523,84291,5.99,
1524,84409,5.61,
1525,84421,11.98, Very unlikely (all spectrum ignored (low SNR)) 
1526,84513,5.11,
1527,84562,1.84,
1528,84722,2.9,
1529,84738,4.17,
1530,84836,1.72,
1531,84886,2.08,
1532,85097,3.2800000000000002,
1533,85165,1.3,
1534,85242,3.5500000000000003,
1535,85350,2.5300000000000002,
1536,85478,2.15,
1537,85711,4.74,
1538,85769,3.95,
1539,85809,0.91,
1540,85838,4.4,
1541,85850,0.48,
1542,85899,5.55,
1543,86023,4.66,
1544,86214,4.73,
1545,86275,4.3,
1546,86282,4.0200000000000005,
1547,86508,0.31,
1548,86561,4.17,
1549,86574,4.17,
1550,86703,2.5,
1551,86723,2.07,
1552,86965,1.25,
1553,86986,5.49,
1554,87111,2.67,
1555,87352,3.59,
1556,87688,3.7600000000000002,
1557,87891,4.41,
1558,88196,1.43,
1559,88286,0.67,
1560,88305,1.8,
1561,88418,5.87,
1562,88435,2.58,
1563,88467,5.67,
1564,88474,2.12,
1565,88512,3.47,
1566,88828,2.45,
1567,88847,1.96,
1568,88982,3.3200000000000003,
1569,89156,3.46,
1570,89157,0.68,
1571,89232,4.17,
1572,89329,4.13,
1573,89433,1.97,
1574,89549,1.56,
1575,89661,3.7800000000000002,
1576,89787,3.67,
1577,89838,3.4,
1578,89900,2.11,
1579,89926,3.12,
1580,90105,1.76,
1581,90194,0.29,
1582,90600,2.82,
1583,90786,4.0600000000000005,
1584,91133,4.42,
1585,91209,3.67,
1586,91244,0.65,
1587,91591,4.15,
1588,91875,1.6400000000000001,
1589,92217,3.84,
1590,92289,5.55,
1591,92316,5.55,
1592,92399,7.16,
1593,92493,1.7,
1594,92498,2.95,
1595,92529,7.3500000000000005,
1596,92544,2.66,
1597,92553,5.0,
1598,92575,2.73,
1599,92603,0.49,
1600,92626,3.8200000000000003,
1601,92661,4.69,
1602,92716,1.81,
1603,92844,3.86,
1604,92874,9.56,
1605,92922,3.84,
1606,92998,2.42,
1607,93088,5.84,
1608,93119,3.0700000000000003,
1609,93127,2.1,
1610,93202,0.62,
1611,93227,2.5300000000000002,
1612,93583,3.84,
1613,93597,5.3500000000000005,
1614,93632,2.5,
1615,93655,0.8,
1616,93864,3.17,
1617,93916,4.03,
1618,93939,3.94,
1619,94001,4.58,
1620,94180,4.04,
1621,94208,2.5,
1622,94224,2.33,
1623,94359,4.6000000000000005,
1624,94464,4.09,
1625,94469,2.49,
1626,94628,1.84,
1627,94643,3.49,
1628,94690,1.71,
1629,94730,0.24,
1630,94772,0.93,
1631,94786,5.18,
1632,94804,6.32,
1633,94863,4.69,
1634,94930,2.83,
1635,95044,3.97,
1636,95045,11.16, Plausible (spectrum cutoff)                    
1637,95094,3.73,
1638,95148,4.09,
1639,95192,3.95,
1640,95308,3.86,
1641,95320,1.42,
1642,95399,1.18,
1643,95492,0.47000000000000003,
1644,95512,4.89,
1645,95664,0.43,
1646,95780,2.1,
1647,95870,1.77,
1648,96031,1.92,
1649,96101,4.46,
1650,96161,1.19,
1651,96182,2.12,
1652,96299,2.23,
1653,96428,2.82,
1654,96433,2.32,
1655,96546,5.03,
1656,96670,3.0100000000000002,
1657,96690,2.04,
1658,96865,2.14,
1659,96871,3.6,
1660,96998,4.67,
1661,97090,1.8800000000000001,
1662,97157,3.22,
1663,97160,3.77,
1664,97176,0.79,
1665,97328,5.68,
1666,97513,2.54,
1667,97664,8.61,
1668,97724,2.15,
1669,97790,2.21,
1670,97850,6.8500000000000005,
1671,97987,3.0,
1672,97991,2.12,
1673,98202,6.28,
1674,98384,5.71,
1675,98539,1.75,
1676,98607,5.13,
1677,98623,2.45,
1678,98668,5.8500000000000005,
1679,98722,10.42, Plausible (low SNR)                            
1680,98737,1.9100000000000001,
1681,98763,2.45,
1682,98791,9.450000000000001,
1683,98914,3.0700000000000003,
1684,98926,3.06,
1685,99128,1.51,
1686,99145,0.87,
1687,99231,2.95,
1688,99323,1.75,
1689,99378,4.03,
1690,99382,1.81,
1691,99387,4.75,
1692,99455,2.07,
1693,99576,2.1,
1694,99682,2.23,
1695,99797,0.79,
1696,99839,5.53,
1697,100091,4.0600000000000005,
1698,100160,2.21,
1699,100258,5.87,
1700,100266,3.99,
1701,100320,4.68,
1702,100387,4.68,
1703,100391,3.0700000000000003,
1704,100433,4.75,
1705,100517,6.5,
1706,100580,2.82,
1707,100661,3.7,
1708,100680,3.0700000000000003,
1709,100692,5.12,
1710,100705,5.86,
1711,100743,0.6900000000000001,
1712,100755,2.52,
1713,100779,2.99,
1714,100814,3.45,
1715,100828,4.55,
1716,100871,2.18,
1717,101195,5.99,
1718,101202,1.42,
1719,101262,1.37,
1720,101272,5.7,
1721,101283,4.48,
1722,101293,1.56,
1723,101450,4.78,
1724,101469,0.55,
1725,101492,3.94,
1726,101557,1.42,
1727,101627,4.04,
1728,101654,5.3500000000000005,
1729,101695,3.87,
1730,101735,0.37,
1731,101872,7.9,
1732,101936,2.22,
1733,102079,5.5200000000000005,
1734,102148,3.75,
1735,102253,0.63,
1736,102267,11.19, Unlikely (spectrum cutoff)                     
1737,102441,0.93,
1738,102449,5.53,
1739,102462,4.91,
1740,102478,2.58,
1741,102481,2.11,
1742,102565,4.88,
1743,102722,2.12,
1744,102743,1.8800000000000001,
1745,102746,1.09,
1746,102896,3.33,
1747,102897,2.71,
1748,103029,6.69,
1749,103239,6.68,
1750,103248,2.42,
1751,103521,3.5500000000000003,
1752,103595,2.57,
1753,103603,5.51,
1754,103824,0.71,
1755,103969,3.63,
1756,104005,2.2,
1757,104109,1.75,
1758,104141,5.19,
1759,104421,4.1,
1760,104441,3.08,
1761,104561,14.540000000000001, Very unlikely (spectrum cutoff)                
1762,104564,5.58,
1763,104575,4.54,
1764,104609,7.16,
1765,104619,2.75,
1766,104640,5.95,
1767,104685,5.3500000000000005,
1768,104781,2.93,
1769,104792,0.33,
1770,104855,3.2800000000000002,
1771,104913,4.08,
1772,105074,2.05,
1773,105080,,
1774,105133,0.73,
1775,105156,6.54,
1776,105226,2.94,
1777,105227,2.33,
1778,105259,5.86,
1779,105437,1.17,
1780,105457,5.5600000000000005,
1781,105546,7.49,
1782,105613,2.62,
1783,105624,5.7,
1784,105670,3.81,
1785,105791,3.4,
1786,105828,3.25,
1787,105937,5.12,
1788,106078,1.6500000000000001,
1789,106084,3.39,
1790,106185,1.96,
1791,106253,5.32,
1792,106538,4.7,
1793,106553,0.67,
1794,106588,4.59,
1795,106589,4.71,
1796,106610,3.87,
1797,106655,4.53,
1798,106689,1.05,
1799,106715,0.04,
1800,106776,0.47000000000000003,
1801,106798,5.3500000000000005,
1802,106837,3.27,
1803,106975,1.21,
1804,107165,3.0100000000000002,
1805,107270,1.08,
1806,107308,1.6500000000000001,
1807,107551,2.12,
1808,107634,2.52,
1809,107655,2.52,
1810,107675,2.21,
1811,107806,12.92, Very unlikely (all spectrum ignored (low SNR)) 
1812,108105,4.53,
1813,108193,4.64,
1814,108314,3.65,
1815,108344,2.5500000000000003,
1816,108374,1.98,
1817,108709,12.19, Unlikely (all spectrum ignored (low SNR))      
1818,108834,2.37,
1819,108864,4.24,
1820,108966,5.33,
1821,108970,4.5,
1822,109037,4.38,
1823,109060,2.43,
1824,109205,5.28,
1825,109239,2.22,
1826,109364,1.96,
1827,109397,4.39,
1828,109483,3.8200000000000003,
1829,109536,4.11,
1830,109564,1.48,
1831,109571,1.7,
1832,109633,8.870000000000001,
1833,109654,2.71,
1834,109659,1.67,
1835,109719,2.0,
1836,109798,3.56,
1837,109805,2.92,
1838,109821,3.93,
1839,109835,3.86,
1840,109860,0.9,
1841,109895,3.66,
1842,109917,10.27, Solid (visible Lyman break)                    
1843,109997,3.65,
1844,110041,4.96,
1845,110045,4.61,
1846,110095,3.45,
1847,110104,5.12,
1848,110163,4.48,
1849,110285,3.0100000000000002,
1850,110319,1.98,
1851,110343,2.2600000000000002,
1852,110452,4.03,
1853,110517,1.86,
1854,110566,0.64,
1855,110584,4.2700000000000005,
1856,110588,4.51,
1857,110708,4.19,
1858,110732,5.12,
1859,110819,1.28,
1860,110830,2.11,
1861,110865,2.12,
1862,110889,0.0,
1863,110959,4.39,
1864,111078,4.4,
1865,111170,0.89,
1866,111333,3.22,
1867,111362,1.52,
1868,111383,3.84,
1869,111401,0.58,
1870,111412,3.96,
1871,111457,3.22,
1872,111501,4.6000000000000005,
1873,111587,3.7800000000000002,
1874,111689,2.29,
1875,111746,0.9400000000000001,
1876,111774,6.05,
1877,111857,3.89,
1878,111870,4.58,
1879,111889,2.41,
1880,111914,4.23,
1881,111999,5.5200000000000005,
1882,112012,3.79,
1883,112027,1.9100000000000001,
1884,112225,9.03,
1885,112226,7.22,
1886,112273,0.76,
1887,112276,2.83,
1888,112387,1.33,
1889,112603,4.48,
1890,112629,0.72,
1891,112644,1.69,
1892,112676,3.37,
1893,112719,4.45,
1894,112736,5.54,
1895,112774,,
1896,112775,0.65,
1897,112778,1.44,
1898,112782,0.18,
1899,112838,1.96,
1900,112939,4.59,
1901,112983,3.5700000000000003,
1902,112997,7.16,
1903,113091,3.98,
1904,113101,3.98,
1905,113180,1.8900000000000001,
1906,113205,0.22,
1907,113208,4.59,
1908,113268,5.13,
1909,113281,2.15,
1910,113373,3.91,
1911,113428,10.52, Plausible (spectrum cutoff)                    
1912,113434,3.02,
1913,113528,7.71,
1914,113554,4.59,
1915,113566,0.7000000000000001,
1916,113602,4.46,
1917,113692,5.5,
1918,113725,2.19,
1919,113757,1.67,
1920,114183,1.72,
1921,114239,,
1922,114261,4.08,
1923,114369,0.19,
1924,114396,1.94,
1925,114635,0.0,
1926,114640,5.0,
1927,114659,1.6500000000000001,
1928,114668,14.93, Very unlikely (all spectrum ignored (low SNR)) 
1929,114777,9.69,
1930,114780,5.39,
1931,114819,2.81,
1932,114820,5.57,
1933,114843,5.7700000000000005,
1934,114873,3.64,
1935,115000,4.73,
1936,115010,3.73,
1937,115056,3.1,
1938,115388,0.01,
1939,115733,5.86,
1940,115765,2.68,
1941,115805,2.2,
1942,115912,6.8,
1943,115974,1.53,
1944,116131,4.19,
1945,116303,3.56,
1946,116389,4.14,
1947,116404,2.59,
1948,116485,4.18,
1949,116486,8.65,
1950,116502,3.23,
1951,116768,3.7600000000000002,
1952,116771,1.77,
1953,116946,1.85,
1954,117059,3.0500000000000003,
1955,117137,3.85,
1956,117239,4.42,
1957,117540,0.61,
1958,117925,4.83,
1959,118008,1.04,
1960,118011,4.83,
1961,118026,7.37,
1962,118090,3.23,
1963,118178,3.35,
1964,118278,5.36,
1965,118694,0.62,
1966,118750,3.17,
1967,118821,9.61,
1968,118994,2.17,
1969,119032,5.12,
1970,119224,3.94,
1971,119331,2.12,
1972,119334,9.57,
1973,119398,0.81,
1974,119550,1.12,
1975,119589,3.27,
1976,119690,6.08,
1977,119713,2.62,
1978,119733,10.18, Plausible (spectrum cutoff)                    
1979,119745,1.32,
1980,119753,1.0,
1981,119846,1.48,
1982,120008,5.11,
1983,120039,3.22,
1984,120216,1.34,
1985,120340,4.59,
1986,120355,1.6600000000000001,
1987,120679,1.31,
1988,120976,1.93,
1989,121044,3.2800000000000002,
1990,121144,5.4,
1991,121255,2.54,
1992,121289,4.49,
1993,121431,3.64,
1994,122077,4.03,
1995,122280,4.07,
1996,122678,1.1300000000000001,
1997,124333,1.58,
1998,124665,3.83,
1999,124783,4.0200000000000005,
2000,124868,3.84,
2001,125214,0.87,
2002,125366,0.68,
2003,125384,4.2700000000000005,
2004,125780,0.93,
2005,125832,2.79,
2006,126325,2.61,
2007,126400,2.69,
2008,126479,1.01,
2009,126541,3.41,
2010,126644,3.85,
2011,126703,6.5200000000000005,
2012,126737,4.26,
2013,126753,3.73,
2014,126965,1.42,
2015,126970,0.79,
2016,126988,1.07,
2017,127005,1.55,
2018,127146,1.8800000000000001,
2019,127295,4.9,
2020,127336,2.45,
2021,127440,0.68,
2022,127565,1.7,
2023,127817,0.96,
2024,127995,0.76,
2025,128093,2.08,
2026,128172,2.46,
2027,128188,2.16,
2028,128236,1.37,
2029,128325,6.65,
2030,128342,5.53,
2031,128452,0.77,
2032,128550,3.44,
2033,128608,1.78,
2034,128893,1.34,
2035,128977,1.8800000000000001,
2036,129044,0.97,
2037,129064,4.94,
2038,129281,0.76,
2039,129568,7.15,
2040,129819,0.6,
2041,129985,0.62,
2042,130033,0.0,
2043,130050,4.47,
2044,130377,7.13,
2045,130486,3.96,
2046,130614,2.08,
2047,130870,1.23,
2048,130956,5.5200000000000005,
2049,130957,3.74,
2050,130994,4.04,
2051,131157,5.19,
2052,131197,5.41,
2053,131308,3.77,
2054,131317,0.74,
2055,131478,2.84,
2056,131579,0.66,
2057,131587,3.97,
2058,131649,1.6500000000000001,
2059,131766,6.08,
2060,131896,3.31,
2061,132285,2.95,
2062,132380,5.12,
2063,132460,1.69,
2064,132577,5.8500000000000005,
2065,132792,3.7,
2066,133072,3.37,
2067,133074,5.15,
2068,133095,3.34,
2069,133286,3.43,
2070,133338,0.9,
2071,133387,0.41000000000000003,
2072,133412,3.18,
2073,133472,0.68,
2074,133511,2.65,
2075,133583,3.58,
2076,133613,4.89,
2077,133896,5.15,
2078,133938,3.19,
2079,134215,4.61,
2080,134365,6.5200000000000005,
2081,134374,3.38,
2082,134550,2.17,
2083,134824,4.48,
2084,135357,3.43,
2085,136167,3.84,
2086,136267,1.6600000000000001,
2087,136300,1.93,
2088,136409,2.67,
2089,136467,5.36,
2090,136555,5.8,
2091,136567,4.65,
2092,136580,6.390000000000001,
2093,136769,0.66,
2094,137151,5.25,
2095,137403,1.6600000000000001,
2096,137488,2.1,
2097,137971,5.84,
2098,138095,2.07,
2099,138241,0.76,
2100,138303,3.93,
2101,138620,1.17,
2102,138691,1.73,
2103,138698,2.29,
2104,138743,5.8100000000000005,
2105,138787,3.9,
2106,138979,3.42,
2107,138989,1.98,
2108,139123,1.85,
2109,139167,13.450000000000001, Very unlikely (spectrum cutoff)                
2110,139386,2.52,
2111,139396,4.36,
2112,139632,3.34,
2113,139659,3.06,
2114,139693,2.74,
2115,140082,1.71,
2116,140111,1.83,
2117,140430,4.11,
2118,140451,3.93,
2119,140776,10.82, Unlikely (spectrum cutoff)                     
2120,140857,10.68, Unlikely (spectrum cutoff)                     
2121,140889,10.68, Very unlikely (spectrum cutoff)                
2122,140909,1.82,
2123,141147,3.2,
2124,141157,2.89,
2125,141252,5.18,
2126,141271,1.55,
2127,141282,3.96,
2128,141784,3.17,
2129,142148,4.43,
2130,142252,1.93,
2131,142288,5.66,
2132,143397,0.9400000000000001,
2133,143788,2.94,
2134,143803,2.7600000000000002,
2135,143872,8.32,
2136,144501,0.79,
2137,144890,0.74,
2138,145321,5.18,
2139,145760,5.87,
2140,146138,5.7700000000000005,
2141,146378,5.34,
2142,146647,2.85,
2143,146706,1.43,
2144,146713,5.84,
2145,146833,3.5700000000000003,
2146,146943,0.2,
2147,147050,4.38,
2148,147051,3.93,
2149,147053,4.01,
2150,147326,3.67,
2151,147449,3.5700000000000003,
2152,147458,3.69,
2153,147467,0.98,
2154,147470,1.75,
2155,147518,4.13,
2156,147542,4.47,
2157,147555,1.36,
2158,147697,6.08,
2159,147745,3.16,
2160,147866,3.95,
2161,148059,5.7700000000000005,
2162,148075,1.54,
2163,148088,2.66,
2164,148091,3.74,
2165,148158,3.4,
2166,148436,1.67,
2167,148527,1.29,
2168,148561,4.01,
2169,148668,3.46,
2170,148810,3.64,
2171,148868,0.0,
2172,148980,1.81,
2173,149010,3.61,
2174,149015,0.92,
2175,149160,9.69,
2176,149168,1.22,
2177,149226,3.86,
2178,149458,4.5200000000000005,
2179,149475,4.5200000000000005,
2180,149555,3.75,
2181,149619,2.14,
2182,149626,4.03,
2183,149850,2.58,
2184,149875,2.1,
2185,149920,3.7600000000000002,
2186,150288,4.5200000000000005,
2187,150350,4.94,
2188,150359,0.46,
2189,150721,3.43,
2190,150920,4.2,
2191,151013,5.17,
2192,151302,3.71,
2193,151425,3.72,
2194,151755,5.58,
2195,151844,4.53,
2196,152047,1.96,
2197,152358,3.79,
2198,152679,1.19,
2199,152713,3.8000000000000003,
2200,152880,3.47,
2201,152915,3.93,
2202,153057,3.77,
2203,153126,4.5200000000000005,
2204,153264,3.08,
2205,153330,9.27,
2206,153407,,
2207,153475,3.69,
2208,153514,1.98,
2209,153516,2.0100000000000002,
2210,153619,3.7600000000000002,
2211,153660,1.21,
2212,153767,1.83,
2213,153951,0.39,
2214,153965,8.93,
2215,154491,2.52,
2216,154495,3.56,
2217,154514,3.79,
2218,154583,1.32,
2219,154701,3.75,
2220,154715,3.9,
2221,154852,4.38,
2222,154875,2.94,
2223,154935,2.97,
2224,155452,11.58, Very unlikely (all spectrum ignored (low SNR)) 
2225,155468,5.67,
2226,155481,4.6000000000000005,
2227,155573,1.8900000000000001,
2228,155579,0.52,
2229,155681,5.3500000000000005,
2230,155700,1.3900000000000001,
2231,155828,2.91,
2232,155886,2.47,
2233,155993,0.64,
2234,155998,3.91,
2235,156051,2.84,
2236,156103,4.66,
2237,156128,0.23,
2238,156149,9.02,
2239,156319,4.22,
2240,156398,5.32,
2241,156406,18.89, Very unlikely (spectrum cutoff)                
2242,156464,2.5500000000000003,
2243,156474,3.0500000000000003,
2244,156504,6.78,
2245,156506,,
2246,156509,3.0700000000000003,
2247,156537,4.74,
2248,156656,0.09,
2249,156683,3.77,
2250,156690,4.14,
2251,156730,3.73,
2252,156743,10.01, Unlikely (spectrum cutoff)                     
2253,156835,3.74,
2254,156875,1.6300000000000001,
2255,156911,4.23,
2256,156966,2.83,
2257,156968,2.05,
2258,157136,0.0,
2259,157166,0.65,
2260,157189,3.0700000000000003,
2261,157366,3.13,
2262,157486,,
2263,157581,4.53,
2264,157587,1.3,
2265,157610,3.75,
2266,157690,2.71,
2267,157894,3.18,
2268,158160,4.0,
2269,158359,0.93,
2270,158404,3.62,
2271,158424,,
2272,158481,4.14,
2273,158515,5.96,
2274,158708,4.14,
2275,158763,1.58,
2276,159174,5.18,
2277,159255,1.6600000000000001,
2278,159412,7.94,
2279,159413,5.58,
2280,159477,1.9100000000000001,
2281,159675,2.87,
2282,159723,1.6,
2283,159910,4.53,
2284,159971,0.64,
2285,160081,2.8000000000000003,
2286,160236,3.7,
2287,160387,6.38,
2288,160463,4.4,
2289,160511,2.44,
2290,160593,1.11,
2291,160637,5.28,
2292,160883,7.66,
2293,160936,4.12,
2294,161152,2.98,
2295,161260,4.45,
2296,161292,2.95,
2297,161496,6.5600000000000005,
2298,161571,5.15,
2299,161640,3.67,
2300,161645,3.83,
2301,161682,5.11,
2302,161695,5.12,
2303,161875,0.96,
2304,161947,3.11,
2305,162316,3.19,
2306,162387,4.07,
2307,162734,2.63,
2308,162826,0.84,
2309,162913,16.72, Very unlikely (spectrum cutoff)                
2310,162956,3.35,
2311,163338,2.73,
2312,163363,2.34,
2313,163556,3.4,
2314,163918,4.21,
2315,164022,3.96,
2316,164077,2.24,
2317,164179,2.34,
2318,164215,2.43,
2319,164246,1.9000000000000001,
2320,164384,2.96,
2321,164535,4.05,
2322,164543,4.96,
2323,164583,2.84,
2324,164724,6.2700000000000005,
2325,164866,2.99,
2326,164871,1.4000000000000001,
2327,165207,4.92,
2328,165501,0.93,
2329,165552,2.35,
2330,165748,3.21,
2331,165960,3.71,
2332,166377,3.74,
2333,166423,4.44,
2334,166475,3.98,
2335,166549,4.63,
2336,166560,4.0,
2337,166755,2.44,
2338,166816,2.2,
2339,166865,1.62,
2340,166879,3.15,
2341,166915,4.13,
2342,167021,3.73,
2343,167089,1.42,
2344,167093,2.45,
2345,167100,4.75,
2346,167133,2.66,
2347,167259,4.5200000000000005,
2348,167299,5.65,
2349,167330,3.84,
2350,167351,4.2,
2351,167387,2.92,
2352,167463,2.09,
2353,167622,4.4,
2354,167645,4.64,
2355,167903,4.14,
2356,167916,0.64,
2357,167922,1.98,
2358,168074,1.81,
2359,168143,4.95,
2360,168193,8.85,
2361,168248,3.19,
2362,168272,1.8800000000000001,
2363,168273,0.4,
2364,168643,3.7800000000000002,
2365,168649,3.19,
2366,168732,1.94,
2367,168898,1.05,
2368,169283,5.79,
2369,169454,1.93,
2370,169576,4.01,
2371,169644,4.76,
2372,169725,3.09,
2373,169799,4.68,
2374,169932,1.6,
2375,169976,6.05,
2376,170062,3.68,
2377,170108,1.52,
2378,170314,3.41,
2379,170366,4.53,
2380,170393,0.18,
2381,170418,1.85,
2382,170438,4.62,
2383,170442,3.71,
2384,170480,0.91,
2385,170641,5.82,
2386,170676,3.1,
2387,170755,3.37,
2388,170802,2.08,
2389,170943,1.96,
2390,170984,1.7,
2391,170986,2.68,
2392,171007,4.36,
2393,171098,2.69,
2394,171239,6.43,
2395,171407,0.75,
2396,171523,4.69,
2397,171530,4.5200000000000005,
2398,171609,4.54,
2399,171616,6.390000000000001,
2400,171663,1.69,
2401,171699,4.22,
2402,171764,1.81,
2403,171869,3.73,
2404,171917,3.45,
2405,171997,2.36,
2406,172214,3.91,
2407,172268,0.45,
2408,172291,4.21,
2409,172440,0.68,
2410,172717,1.17,
2411,172757,3.94,
2412,172904,5.82,
2413,173176,11.78, Very unlikely (all spectrum ignored (low SNR)) 
2414,173276,3.23,
2415,173350,0.7000000000000001,
2416,173551,0.37,
2417,173861,0.43,
2418,173869,4.61,
2419,173969,4.84,
2420,173971,2.08,
2421,174079,0.4,
2422,174283,3.11,
2423,174481,0.0,
2424,174903,10.540000000000001, Plausible (all spectrum ignored (low SNR))     
2425,174920,4.2700000000000005,
2426,175171,3.23,
2427,175516,6.16,
2428,175517,4.26,
2429,175527,1.95,
2430,175599,2.56,
2431,175619,3.02,
2432,175703,2.95,
2433,175729,3.98,
2434,175989,3.19,
2435,176186,4.8100000000000005,
2436,176581,1.81,
2437,176637,4.64,
2438,176663,3.49,
2439,176879,2.45,
2440,176943,6.08,
2441,176969,4.75,
2442,176974,2.31,
2443,177003,5.03,
2444,177112,3.2600000000000002,
2445,177138,3.19,
2446,177187,4.14,
2447,177191,6.5,
2448,177200,1.17,
2449,177212,1.7,
2450,177303,6.78,
2451,177360,3.0,
2452,177457,4.47,
2453,177627,3.46,
2454,177733,1.98,
2455,177806,4.23,
2456,177884,2.5300000000000002,
2457,177948,4.0,
2458,177967,2.63,
2459,178090,2.12,
2460,178375,3.17,
2461,178419,0.96,
2462,178438,3.73,
2463,178467,2.96,
2464,178573,0.0,
2465,178650,7.98,
2466,178745,6.63,
2467,178755,2.52,
2468,178826,3.11,
2469,178859,3.17,
2470,178935,2.13,
2471,178999,3.73,
2472,179019,1.44,
2473,179043,2.98,
2474,179059,3.0500000000000003,
2475,179091,4.75,
2476,179148,3.99,
2477,179187,0.3,
2478,179189,7.05,
2479,179219,4.0600000000000005,
2480,179337,1.92,
2481,179470,3.2800000000000002,
2482,179475,2.5100000000000002,
2483,179520,2.08,
2484,179656,4.46,
2485,179735,6.51,
2486,179785,3.11,
2487,179847,2.41,
2488,179879,1.67,
2489,179898,4.23,
2490,179934,3.0,
2491,180082,1.54,
2492,180168,3.7800000000000002,
2493,180173,6.53,
2494,180187,6.54,
2495,180344,3.99,
2496,180966,4.13,
2497,181033,6.22,
2498,181228,1.27,
2499,181333,5.29,
2500,181398,4.57,
2501,181412,0.96,
2502,181432,2.52,
2503,181510,4.04,
2504,181660,0.74,
2505,181713,4.21,
2506,181758,0.24,
2507,181773,4.76,
2508,181790,3.92,
2509,181882,2.3000000000000003,
2510,181896,4.78,
2511,181897,3.9,
2512,181930,1.25,
2513,181977,1.1500000000000001,
2514,182046,5.07,
2515,182082,4.65,
2516,182103,0.49,
2517,182148,2.99,
2518,182181,3.39,
2519,182184,5.84,
2520,182236,2.61,
2521,182244,3.8000000000000003,
2522,182286,5.86,
2523,182333,3.99,
2524,182463,5.83,
2525,182522,7.98,
2526,182637,4.76,
2527,182684,1.77,
2528,182907,3.42,
2529,182987,3.44,
2530,183016,6.140000000000001,
2531,183114,4.5200000000000005,
2532,183288,0.64,
2533,183524,,
2534,183554,6.3100000000000005,
2535,183727,8.290000000000001,
2536,183731,2.49,
2537,183785,3.73,
2538,184141,5.99,
2539,184674,1.23,
2540,184961,1.95,
2541,185200,4.25,
2542,185250,4.53,
2543,185439,4.04,
2544,185685,1.83,
2545,185868,4.3,
2546,186072,3.96,
2547,187626,3.7600000000000002,
2548,187748,2.5,
2549,188086,4.26,
2550,188113,8.3,
2551,188234,3.43,
2552,188418,2.5300000000000002,
2553,188451,6.63,
2554,188511,8.3,
2555,188729,3.0500000000000003,
2556,188767,1.46,
2557,188782,1.67,
2558,188959,1.6400000000000001,
2559,189175,3.44,
2560,189251,2.42,
2561,189267,1.72,
2562,189327,0.05,
2563,189552,2.48,
2564,189626,10.53, Very unlikely (all spectrum ignored (low SNR)) 
2565,189707,4.67,
2566,189759,3.5500000000000003,
2567,189770,0.0,
2568,189929,0.0,
2569,190065,3.54,
2570,190360,1.6600000000000001,
2571,190369,3.99,
2572,190570,1.81,
2573,190610,5.24,
2574,190640,4.83,
2575,190792,6.86,
2576,190906,7.36,
2577,190974,4.47,
2578,191271,4.73,
2579,191282,3.39,
2580,191494,1.55,
2581,192384,,
2582,192544,3.22,
2583,192659,2.5500000000000003,
2584,192934,6.01,
2585,193186,7.07,
2586,193500,2.47,
2587,193815,1.12,
2588,193853,3.0100000000000002,
2589,194506,3.18,
2590,195138,6.37,
2591,198501,1.3,
2592,201574,5.91,
2593,202024,0.0,
2594,206429,4.39,
2595,211050,6.93,
2596,211132,8.06,
2597,211279,3.94,
2598,214191,4.04,
2599,215109,1.61,
2600,216118,8.05,
2601,217277,6.09,
2602,300001,9.8,
